Protein,Organism,PDB code,Protein sequence,VLP formation,Homomer,Stoichiometry,Geometry
PCV2,Porcine circovirus 2,3JCI,NGIFNTRLSRTFGYTVKATTVRTPSWAVDMMRFNINDFVPPGGGTNKISIPFEYYRIRKVKVEFWPCSPITQGDRGVGSTAVILDDNFVTKATALTYDPYVNYSSRHTIPQPFSYHSRYFTPKPVLDSTIDYFQPNNKRNQLWLRLQTSANVDHVGLGTAFENSKYDQDYNIRVTMYVQFREFNLKDPPL,Yes,Yes,60,Icosahedral
FBNSV,Faba bean necrotic stunt virus,6S44,MVSNWNWSGKKGRRTPRRGYTRPFKSAVPTTRVVVHQSAVLKKDDVSGSEIKPEGDVARYKIRKVMLSCTLRMRPGELVNYLIVKCSSPIVNWSAAFTAPALMVKESCQDMITIIGKGKVESNGVAGSDCTKSFNKFIRLGAGISQTQHLYVVMYTSEAVKTVLEHRVYIEV,Yes,Yes,60,Icosahedral
SPMV,Panicum mosaic satellite virus,1STM,MAPKRSRRSNRRAGSRAAATSLVYDTCYVTLTERATTSFQRQSFPTLKGMGDRAFQVVAFTIQGVSAAPLMYNARLYNPGDTDSVHATGVQLMGTVPRTVRLTPRVGQNNWFFGNTEEAETILAIDGLVSTKGANAPSNTVIVTGCFRLAPSELQSS,Yes,Yes,60,Icosahedral
,unidentified tobacco necrosis virus,2BUK,MAKQQNNRRKSATMRAVKRMINTHLEHKRFALINSGNTNATAGTVQNLSNGIIQGDDINQRSGDQVRIVSHKLHVRGTAITVSQTFRFIWFRDNMNRGTTPTVLEVLNTANFMSQYNPITLQQKRFTILKDVTLNCSLTGESIKDRIINLPGQLVNYNGATAVAASNGPGAIFMLQIGDSLVGLWDSSYEAVYTDA,Yes,Yes,60,Icosahedral
XSV,Extra small virus,6JJA,MNKRINNNRRTMRSRRGRGRTMGSNLIPYANSPVPIPYTPPVTPVTVIGNPRKTTWIDIDLSSEESGIYTLTVGSYRNRITKLGPSKPNFIIEKVAAYAAPGDYKVVLNDFKTGIQVVDEGSYAHRAAAGILYPPAAQMFYGISATGTLNTITTTAKDPVPVVRALVTYWDSEQ,Yes,Yes,60,Icosahedral
,Aquifex aeolicus,1NQV,MQIYEGKLTAEGLRFGIVASRFNHALVDRLVEGAIDCIVRHGGREEDITLVRVPGSWEIPVAAGELARKEDIDAVIAIGVLIRGATPHFDYIASEVSKGLANLSLELRKPITFGVITADTLEQAIERAGTKHGNKGWEAALSAIEMANLFKSLR,Yes,Yes,60,Icosahedral
,Salmonella enterica subsp. enterica serovar Typhimurium str. LT2,3MK3,MNIIKANVAAPDARVAITIARFNQFINDSLLDGAVDALTRIGQVKDDNITVVWVPGAYELPLATEALAKSGKYDAVVALGTVIRGGTAHFEYVAGGASNGLASVAQDSGVPVAFGVLTTESIEQAIERAGTKAGNKGAEAALTALEMINVLKAIKA,Yes,Yes,60,Icosahedral
,Homo sapiens,1JH5,VTQDCLQLIADSETPTIQKGSYTFVPWLLSFKRGSALEEKENKILVKETGYFFIYGQVLYTDKTYAMGHLIQRKKVHVFGDELSLVTLFRCIQNMPETLPNNSCYSAGIAKLEEGDELQLAIPRENAQISLDGDVTFFGALKLL,Yes,Yes,60,Icosahedral
PvNV,Penaeus vannamei nodavirus,5YL1,ISRLGPDSDFLTSVVAKASTSIVTPADRILVKQPLSASSFPGTRITGLSSYWERYKWLSAVARYVPAVPNTVACQFVMYIDTDPLDDPSNISDDNQIVRQAVSQAGSNQFNFNTSKTVPLIVRADNQYYYTGVDKQNLRFSLQGILYIIQVTDLINFNGELITQDLTCGSLFLDWLVNFSIPQIN,Yes,Yes,60,Icosahedral
ASFV,African swine fever virus,8XB8,MEAVLTKLDQEEKKALQNFHRCAWEETKNIINDFLEIPEERCTYKFNSYTKKMELLFTPEFHTAWHEVPECREFILNFLRLISGHRVVLKGPTFVFTKEIKNLGIPSTINVDFQANIENMDDLQKGNLIGKMNIKEG,Yes,Yes,60,Icosahedral
,Sesbania mosaic virus,1VB4,ASLPVTQYSPPVTPLGKSTWNVTGSTNPPGLVPQVVQTESINARKSNIMSKISVYYYIPSTNSVSCCTEWDTIRCEFSLTLLQLSSNTDVAARTVDVLDTMISFLAKRRNSILAGNLLLPDNP,Yes,Yes,60,Icosahedral
AAV,Adeno-associated virus,3J4P,GIFNTRLSRTFGYTIKRTTVKTPSWAVDMMRFNINDFLPPGGGSNPRSVPFEYYRIRKVKVEFWPCSPITQGDRGVGSSAVILDDNFVTKATALTYDPYVNYSSRHTITQPFSYHSRYFTPKPVLDSTIDYFQPNNKRNQLWLRLQTAGNVDHVGLGTAFENSIYDQEYNIRVTMYVQFREFNLKDPPL,Yes,Yes,60,Icosahedral
,Zophobas morio black wasting virus,8T9X,PDEDLKAELAATEAIWLLRQGRPEEVWKLMQRLYEKGDPALWAVLRALLRSGDEIAILIAWNFMQRI,Yes,Yes,60,Icosahedral
,Streptomyces griseus subsp. Griseus,9BI0,YRWRRKNGIFNTRLSRTIGYTVKKTTVRTPSWNVDMMRFNINDFLPPGGGSNPLTVPFEYYRIRKVKVEFWPCSPITQGDRGVGSTAVILDDNFVTKANALTYDPYVNYSSRHTITQPFSYHSRYFTPKPVLDRTIDYFQPNNKRNQLWLRLQTTGNVDHVGLGTAFENSIYDQDYNIRITMYVQFREFNLKDPPL,Yes,Yes,60,Icosahedral
,Extra small virus,6JJA,SQDPKNIKIMRLVTGEDIIGNISESQGLITIKKAFVIIPMQATPGKPVQLVLSPWQPYTDDKEIVIDDSEVITITSPKDDIIKSYESHTRVLENKQVEEILRLEKEIEDLQRMKEQQELSLTEASLQKLQERRDQELRRLEEE,Yes,Yes,60,Icosahedral
,Aquifex aeolicus,1HQK,AAGQGKAIKAIAGYSISKWEASSDAITAKATNAMSITLPHELSSEKNKELKVGRVLLWLGLLPSVAGRIKACVAEKQAQAEAAFQVALAVADSSKEVVAAMYTDAFRGATLGDLLNLQIYLYASEAVPAKAVVVHLEVEHVRPTFDDFFTPVYR,Yes,Yes,60,Icosahedral
,Homo sapiens,6H55,MGRGKVKPNRKSTGDNSNVVTMIRAGSYPKVNPTPTWVRAIPFEVSVQSGIAFKVPVGSLFSANFRTDSFTSVTVMSVRAWTQLTPPVNEYSFVRLKPLFKTGDSTEEFEGRASNINTRASVGYRIPTNLRQNTVAADNVCEVRSNCRQVALVISCCFN,Yes,Yes,60,Icosahedral
,Penaeus vannamei nodavirus,6AB5,MEIYEGKLTAEGLRFGIVASRFNHALVDRLVEGAIDCIVRHGGREEDITLVRVPGSWEIPVAAGELARKEDIDAVIAIGVLIRGATPHFDYIASEVSKGLANLSLELRKPITFGVITADTLEQAIERAGTKHGNKGWEAALSAIEMANLFKSLR,Yes,Yes,60,Icosahedral
,Mus spretus,6NF9,SSGLVPRGSHFNTRLSRTFGYTIKRTTVKTPSWAVDMMRFNINDFLPPGGGSNPRSVPFEYYRIRKVKVEFWPCSPITQGDRGVGSSAVILDDNFVTKATALTYDPYVNYSSRHTITQPFSYHSRYFTPKPVLDSTIDYFQPNNKRNQLWLRLQTAGNVDHVGLGTAFENSIYDQEYNIRVTMYVQFREFNLKDPPLNP,Yes,Yes,60,Icosahedral
,African swine fever virus,8XB8,TDAPVSKASTVTGFGRGTNDVHLSGMSRISQAVLPAGTGTDGYVVVDATIVPDLLPRLGHAARIFQRYAVETLEFEIQPMCPANTGGGYVAGFLPDPTDNDHTFDALQATRGAVVAKWWESRTVRPQYTRTLLWTSSGKEQRLTSPGRLILLCVGNNTDVVNVSVLCRWSVRLSVPSLENPEE,Yes,Yes,60,Icosahedral
,Homo sapiens,3J6N,GKAVHVIPRPHTDVEKILGGSGGSEALGMVETKGLTAAIEAADAMVASANVMLVGYEKIGSGLVTVIVRGDVGAVKAATDAGAAAARNVG,Yes,Yes,60,Icosahedral
BMV,Brome mosaic virus,1YC6,DFARSLSITTPEEMIEKAKGETAYLPCKFTLSPEDQGPLDIEWLISPADNQKVDQVIILYSGDKIYDDYYPDLKGRVHFTSNDLKSGDASINVTNLQLSDIGTYQCKVKKAPGVANKKIHLVVLVK,Yes,Yes,60,Icosahedral
,Human adenovirus B3,4AQQ,LLPVKYCKMRIFSGSTAAAPEEEPFEVWLEQATEIAKEWPIPEAEKKRWVAESLRGPALDLMHIVQADNPSISVGECLEAFKQVFGSTESRRTSQVKYLRTYQQEGEKISAYVLRLETLLRRAVEKRAIPRNIADQVRLEQVMAGANLGNVLWCRLQELKDQGPLPTFLQLMKVIREEEE,Yes,Yes,60,Icosahedral
,Human bocavirus 1,5URF,MEEERRRHLAAAEARFLLELGRPDEVLRLLERLLEEGDPALFAALRELLESGDPLARLIAETVFRRL,Yes,Yes,60,Icosahedral
CPV,Canine parvovirus,1C8D,AAATSLVYDTCYVTLTERATTSFQRQSFPTLKGMGDRAFQVVAFTIQGVSAAPLMYNARLYNPGDTDSVHATGVQLMGTVPRTVRLTPRVGQNNWFFGNTEEAETILAIDGLVSTKGANAPSNTVIVTGCFRLAPSELQSS,Yes,Yes,60,Icosahedral
,synthetic construct,8F54,MVFEGHLVGTGLKVGVVVGRFNEFITSKLLGGALDGLKRHGVEENDIDVAWVPGAFEIPLIAKKMANSGKYDAVITLGTVIRGATTHYDYVCNEVAKGVASLSLQTDIPVIFGVLTTETIEQAIERAGTKAGNKGYESAVAAIEMAHLSKHWA,Yes,Yes,60,Icosahedral
SeMV,Sesbania mosaic virus,1X36,AVRHLTGSVTRTQGLRFAVVVARFNEIITRPLLEGALGTFKNYSVQDEDIDVVWVPGCFEIGAVATRLGKSGKYHAIICIGAVIRGDTTHYDAVANSAASGVLSAGLNSGVPCIFGVLTCEDMDQAINRAGGKSGNKGAEAALTAIEMASLFEHHLQ,Yes,Yes,60,Icosahedral
,Homo sapiens,3J6L,GITTPEEMIEKAKGETAYLPCKFTLSPEDQGPLDIEWLISPADNQKVDQVIILYSGDKIYDDYYPDLKGRVHFTSNDLKSGDASINVTNLQLSDIGTYQCKVKKAPGVANKKIHLVVLVKPSGA,Yes,Yes,60,Icosahedral
,Penaeus monodon metallodensovirus,6WH3,MMEAMVKYLAEKAGISEVEAAEIVLKAVKISGGDVVKSIELVDLFIEILNKGRE,Yes,Yes,60,Icosahedral
AMV,Alfalfa mosaic virus (strain 425 / isolate Madison),7EPP,CMQVWPPIGKKKFETLSYLPDLTGSMSSSQKKAGGKAGKPTKRSQNYAALRKAQLPKPPALKVPVVKPTNTILPQTGCVWQSLGTPLSLSSFNGLGVRFLYSFLKDFAGPRILEEDLIYRMVFSITPSYAGTFCLTDDVTTEDGRAVAHGNPMQEFPHGAFHANEKFGFELVFTAPTHAGMQNQNFKHSYAVALCLDFDAQPEGSKNPSYRFNEVWVERKAFPRAGPLRSLITVGLLDEADDLDRHPRG,Yes,Yes,60,Icosahedral
AdSDV,Solenopsis invicta-associated densovirus,8EU7,EGYGKHITSMHVRNIFNQGNQVIRNIVKQQRYELLDFTGTEAGTTNLPKIIPYQCIWWRGLQNAANVNQTINNMIALNTISYGVRFLKAKLCIEVYAVTRKRLIQTGATSYYTDDFEQGQNLFIGWADRKAESIPITTPADLDETKLTVANTTLFDANNDNITKEEVPTREKWCHTWDLDVLNHNYLWEPNNLDSQWTLIPGAQAVQPTATPIGPTYQEIVIATKAIGANESALVTTIQDRRSYPRLMLSQPQIKDETDTMKFKYQIRISTELEMEHHIKPDIANPWLTRQTLPLPALSGDGTTRYVPCVPYETHVSQ,Yes,Yes,60,Icosahedral
RSV,Rous sarcoma virus - Prague C,2X8Q,PVVIKTEGPAWTPLEPKLITRLADTVRTKGLRSPITMAEVEALMSSPLLPHDVTNLMRVILGPAPYALWMDAWGVQLQTVIAAATRDPRHPANGQGRGERTNLNRLKGLADGMVGNPQGQAALLRPGELVAITASALQAFREVARLAEPAGPWADIMQGPSESFVDFANRLIKAVEGSDLPPSARAPVIIDCFRQKSQPDIQQLIRTAPSTLTTPGEIIKYVLDRQ,Yes,Yes,60,Icosahedral
PstDNV,Decapod penstyldensovirus 1,3N7X,MCADSTRTSPRKRSRRDAHNEDEEHAEGSSGPDPHRCLQFNTGDSIHITFQTRRYFEFDAANDGNFDGKNLYCLPLHWMNLYLYGLKSSDSSATETQRYKMVKSMMKTYGWKVHKAGVVMHSMVPLMKDLKVSGGTSFETLTFTDTPYLEIFKDTTGLHNQLSTKETDVTLAKWIQNPQLVTVQSTAANYEDPIQQFGFMEQMRTGDRKAYTIHGDTRNWYGGEIPTTGPTFIPKWGGQIKWDKPSLGNLVYPADHHTNDWQQIFMRMSPIKGPNGDELKLGCRVQADFFLHLEVRLPPQGCVASLGMLQYLHAPCTGQLNKCYIMHTN,Yes,Yes,60,Icosahedral
HIV-1,Human immunodeficiency virus 1,7URT,PIVQNLQGQMVHQAISPRTLNAWVKVVEEKAFSPEVIPMFSALSEGATPQDLNTMLNTVAPHQAAAQMLKETINEEAAEWDRLHPVHAGPIAPGQMREPRGSDIAGTTSTLQEQIGWMTHNPPIPVGEIYKRWIILGLNKIVRMYSPTSILDIRQGPKEPFRDYVDRFYKTLRAEQASQEVKNWMTETLLVQNANPDCKTILKALGPGATLEEMMTACQGVGGPGHKARVL,Yes,Yes,60,Icosahedral
,Beak and feather disease virus,5J36,SSGVDLGTENLYFQSNARRRYARPYRRRHIRRYRRRRRHFRRRRFSTNRIYTLRLTRQFQFKINKQTTSVGNLIFNADYITFALDDFLQAVPNPHTLNFEDYRIKLAKMEMRPTGGHYTVQSDGFGHTAVIQDSRITRFKTTADQTQDPLAPFDGAKKWFVSRGFKRLLRPKPQITIEDLTTANQSAALWLNSARTGWIPLQGGPNSAGTKVRHYGIAFSFPQPEQTITYVTKLTLYVQFRQFAPNNPST,Yes,Yes,60,Icosahedral
,Coxsackievirus A16,5TSL,GIPTELKPGTNQFLTTDDGVSAPILPGFHPTPPIHIPGEVHNLLEICRVETILEVNNLKTNETTPMQRLCFPVSVQSKTGELCAAFRADPGRDGPWQSTILGQLCRYYTQWSGSLEVTFMFAGSFMATGKMLIAYTPPGGNVPADRITAMLGTHVIWDFGLQSSVTLVVPWISNTHYRAHARAGYFDYYTTGIITIWYQTNYVVPIGAPTTAYIVALAAAQDNFTMKLCKDTEDIEQTANIQ,Yes,Yes,60,Icosahedral
,Thermotoga maritima,7K5W,MEFLKRSFAPLTEKQWQEIDNRAREIFKTQLYGRKFVDVEGPYGWEYAAHPLGEVEVLSDENEVVKWGLRKSLPLIELRATFTLDLWELDNLERGKPNVDLSSLEETVRKVAEFEDEVIFRGCEKSGVKGLLSFEERKIECGSTPKDLLEAIVRALSIFSKDGIEGPYTLVINTDRWINFLKEEAGHYPLEKRVEECLRGGKIITTPRIEDALVVSERGGDFKLILGQDLSIGYEDREKDAVRLFITETFTFQVVNPEALILLKFSG,Yes,Yes,60,Icosahedral
,Brevibacterium linens,7BCV,VNNLYRELAPIPGPAWAEIEEEARRTFKRNIAGRRIVDVAGPTGFETSAVTTGHIRDVQSETSGLQVKQRIVQEYIELRTPFTVTRQAIDDVARGSGDSDWQPVKDAATTIAMAEDRAILHGLDAAGIGGIVPGSSNAAVAIPDAVEDFADAVAQALSVLRTVGVDGPYSLLLSSAEYTKVSESTDHGYPIREHLSRQLGAGEIIWAPALEGALLVSTRGGDYELHLGQDLSIGYYSHDSETVELYLQETFGFLALTDESSVPLSL,Yes,Yes,60,Icosahedral
PCV2,Porcine circovirus 2,5ZJU,MGSSSSGLVPRGSHFNTRLSRTFGYTIKRTTVKTPSWAVDMMRFNINDFLPPGGGSNPRSVPFEYYRIRKVKVEFWPCSPITQGDRGVGSSAVILDDNFVTKATALTYDPYVNYSSRHTITQPFSYHSRYFTPKPVLDSTIDYFQPNNKRNQLWLRLQTAGNVDHVGLGTAFENSIYDQEYNIRVTMYVQFREFNLKDPPLNP,Yes,Yes,60,Icosahedral
,Mycolicibacterium hassiacum DSM 44199,6I9G,MNNLYRELAPVTDAAWHEIETEAIRTFKRHIAGRRVVDVSEPSGPVTAAVSTGHLRDISPPGDGVVAHLRESKPLVRLRVPFTVTRSAIDDVERGSQDSDWDPVKAAAKKLAFVEDRAIFEGYPAAQIDGIRQCTSNPVLQLPDDARDITDVIAQALSELRLAGVDGPYSVLLSAEVYTKVSETTEHGYPIREHLNRLVDGDIIWAPAIDGAFVLSTRGGDFDLRLGTDVSIGYLSHDAETVQLYLEETLTFLCYTSEASVALTP,Yes,Yes,60,Icosahedral
,Haliangium ochraceum DSM 14365,7ODW,MDLLKRHLAPIVPDAWSAIDEEAKEIFQGHLAGRKLVDFRGPFGWEYAAVNTGELRPIDDTPEDVDMKLRQVQPLAEVRVPFTLDVTELDSVARGATNPDLDDVARAAERMVEAEDSAIFHGWAQAGIKGIVDSTPHEALAVASVSDFPRAVLSAADTLRKAGVTGPYALVLGPKAYDDLFAATQDGYPVAKQVQRLVVDGPLVRANALAGALVMSMRGGDYELTVGQDLSIGYAFHDRSKVELFVAESFTFRVLEPGAAVHLRYA,Yes,Yes,60,Icosahedral
,Bat circovirus,6RPK,RFRARYRWRRKNGITNLRLTRQVELWVPKDAANASFYVNHYTFDLDDFIPAGTQLNSSPLPFKYYRIRKVKVEFQPRLPITSPFRGYGSTVPILDGAFVTPATGESDPIWDPYINFSGRHVIRTPAWYHKRYFTPKPLIDGNTGFFQPNNKQNALWFPNKQGQNIQWSGLGFAMQKGNEAYNYQVRFTLYVQFREFDLFNN,Yes,Yes,60,Icosahedral
,Acidipropionibacterium acidipropionici ATCC 4875,8DNL,MNNLHRELAPISEAAWKQIDDEARDTFSLRAAGRRVVDVPEPAGPTLGSVSLGHLETGSQTDGVQTSVYRVQPLVQVRVPFTVSRADIDDVERGAVDLTWDPVDDAVAKLVDTEDTAILHGWEEAGITGLSEASVHQPVQMPAELEQIDDAVSGACNVLRLADVEGPYDLVLPQQLYTQVSETTDHGVPVVDHLTQLLSGGEVLWAPAARCALVVSRRGGDSCLFLGRDVSIGYLSHDAQTVTLYLEESFTFRVHQPDAAVALV,Yes,Yes,60,Icosahedral
,Synechococcus elongatus PCC 7942 = FACHB-805,6X8M,MTDNAPQLALRDVAARQLANATKTVPQLRTITPRWLVRLLHWTPVEAGIYRVNQVKDASQITVACSERDESELPETFVDYIDNPREYLLSAVNTVVDVHTRISDLYSNPHDQIREQLRLTIEIMKERQESELINSREYGLLNNVAPGQLVHTRNGAPTPDDLDELLIRVWKEPAFFLAHPQAIAAFGRECTRRGVPPATVSLFGSSFITWRGVPLIPSDKVPLENGKTKILLLRVGESRQGVVGLYQPNLPGEQGMGLSVRFMGINRKALASYLVSLYCSLAVLTDDALAVLDNVDVTQYHTYRYNSG,Yes,Yes,60,Icosahedral
,Klebsiella pneumoniae,8U50,MNNLHRELAPVSDAAWEQIEEEASRTLKRFLAARRVVDVSDPQGPAFSAVGTGHVTRLEGPGDSVGAVKRQSQPVVEFRVPFILTRQAIDDVERGSQDSDWSPLKEAARKIAGAEDRAVFDGYAAAGIGGIRPQSSNSPLTLPVAASGYPDVIARALDQLRVAGVNGPYHLVLGENAYTLITSGNEDGYPVLQHIHRLIDGEIVWAPAIEGGVLLSTRGGDFAMDIGQDISIGYLSHTATHVELYLQESFTFRTLTSEAVVSLLPSED,Yes,Yes,60,Icosahedral
,Acinetobacter baumannii 118362,8T6R,MAKNTDKAQLALGDHAARQLANATKTAPQLSTITPRWLTHLLQWIPVEAGIYRLNRVNNTDDIQVACTQRDEATLPQTFVDYAPEPREYFLNGVSTVLDVHTRVADLYSSPHDQIKEQLRLTIETIKERQESELINNPEYGLLASVTDDQRISTLNGPPTPDDLDDLLRKVWKEPGFFLAHPDAIAAFGRECTRRGVPPPTVSLFGSQFITWRGIPLIPSNKIPVEDGKTKILLLRVGEKRQGIVGLFQPGLAGEQSPGLSVRFMGINRNAIASYLISLYCSLAVLTDDALAVLDDVEVDKYHDYPVNYK,Yes,Yes,60,Icosahedral
,Porcine bocavirus 1 pig/ZJD/China/2006,8TU1,RRRQRSAVQQLQPTQAGISMAPSAQGAMVRIRNPAVSSSRGGITVLTHSELSAEIGVTDSIVVSSELVMPYTVGTWLRGVAANWSKYSWLSVRYTYIPSCPSSTAGSIHMGFQYDMADTVPVSVNQLSNLRGYVSGQVWSGSAGLCFINGTRCSDTSTAISTTLDVSKLGKKWYPYKTSADYATAVGVDVNIATPLVPARLVIALLDGSSSTAVAAGRIYCTYTIQMIEPTASALNN,Yes,Yes,60,Icosahedral
,Homo sapiens,8UYO,SGLSITTPEQRIEKAKGETAYLPCKFTLSPEDQGPLDIEWLISPSDNQIVDQVIILYSGDKIYDNYYPDLKGRVHFTSNDVKSGDASINVTNLQLSDIGTYQCKVKKAPGVANKKFLLTVLVKPSGTRCFVDGSEEIGNDFKLKCEPKEGSLPLQFEWQKLSDSQTMPTPWLAEMTSPVISVKNASSEYSGTYSCTVQNRVGSDQCMLRLDVVPPSNRA,Yes,Yes,60,Icosahedral
,"Streptococcus pyogenes NZ131, Thermotoga maritima MSB8",7B3Y,MNNLYRDLAPITESAWAEIELEATRTFKRHIAGRRVVDVSGPNGPTTASVSTGHLLDVSPPGDGVIAHLRDAKPLVRLRVPFTVARRDIDDVERGSQDSDWDPVKDAAKKLAFVEDRAIFEGYAAASIEGIRSSSSNPALALPDDAREIPDVIAQALSELRLAGVDGPYSVLLSAETYTKVSETTAHGYPIREHINRLVDGEIIWAPAIDGAFVLSTRGGDFDLQLGTDVSIGYLSHDAEVVHLYMEETMTFLCYTAEASVALTP,Yes,Yes,60,Icosahedral
,Homo sapiens,3J6O,GSGDSATHIKFSKRDEDGKELAGATMELRDSSGKTISTWISDGQVKDFYLYPGKYTFVETAAPDGYEVATAITFTVNEQGQVTVNGKATKGDAHIGGSGGSGGSGGSMKMEELFKKHKIVAVLRANSVEEAKKKALAVFLGGVHLIEITFTVPDADTVIKELSFLKEMGAIIGAGTVTSVEQARKAVESGAEFIVSPHLDEEISQFAKEKGVFYMPGVMTPTELVKAMKLGHTILKLFPGEVVGPQFVKAMKGPFPNVKFVPTGGVNLDNVCEWFKAGVLAVGVGSALVKGTPVEVAEKAKAFVEKIRGCTE,Yes,Yes,60,Icosahedral
,synthetic construct,7EQ9,MPDFLGHAENPLREEEWARLNETVIQVARRSLVGRRILDIYGPLGAGVQTVPYDEFQGVSPGAVDIVGEQETAMVFTDARKFKTIPIIYKDFLLHWRDIEAARTHNMPLDVSAAAGAAALCAQQEDELIFYGDARLGYEGLMTANGRLTVPLGDWTSPGGGFQAIVEATRKLNEQGHFGPYAVVLSPRLYSQLHRGGEIETIRQLASDGVYQSNRLRGESGVVVSTGRENMDLAVSMDMVAAYLGASRMNHPFRVLEALLLRIKHPDAICTLEGAGATERR,Yes,Yes,60,Icosahedral
,Panicum mosaic satellite virus,5CVZ,MALALLEDWCRIMSVDEQKSLMVTGIPADFEEAEIQEVLQETLKSLGRYRLLGKIFRKQENANAVLLELLEDTDVSAIPSEVQGKGGVWKVIFKTPNQDTEFLERLNLFLEKEGQTVSGMFRALGQEGVSPATVPCISPELLAHLLGQAMAHAPQPLLPMRYRKLRVFSGSAVPAPEEESFEVWLEQATEIVKEWPVTEAEKKRWLAESLRGPALDLMHIVQADNPSISVEECLEAFKQVFGSLESRRTAQVRYLKTYQEEGEKVSAYVLRLETLLRRAVEKRAIPRRIADQVRLEQVMAGATLNQMLWCRLRELKDQGPPPSFLELMKVIREEEEEEASFENESIEEPEERDGYGRWNHEGDD,Yes,Yes,60,Icosahedral
AdDNV,"Acheta domestica densovirus, Acheta domesticus",4MGU,LMTKHTLEQLAADLRRAAEQGEAIAPLRDLIGIDNAEAAYAIQHINVQHDVAQGRRVVGRKVGLTHPKVQQQLGVDQPDFGTLFADMCYGDNEIIPFSRVLQPRIEAEIALVLNRDLPATDITFDELYNAIEWVLPALEVVGSRIRDWSIQFVDTVADNASCGVYVIGGPAQRPAGLDLKNCAMKMTRNNEEVSSGRGSECLGHPLNAAVWLARKMASLGEPLRTGDIILTGALGPMVAVNAGDRFEAHIEGIGSVAATFSSAAPKGSLS,Yes,Yes,60,Icosahedral
,Human bocavirus 3,5US7,MEFLKRSFAPLTEKQWQEIDNRAREIFKTQLYGRKFVDVEGPYGWEYAAHPLGEVEVLSDENEVVKWGLRKSLPLIELRATFTLDLWELDNLERGKPNVDLSSLEETVRKVAEFEDEVIFRGCEKSGVKGLLSFEERKIECGSTPKDLLEAIVRALSIFSKDGIEGPYTLVINTDRWINFLDDEKRVEECLRGGKIITTPRIEDALVVSERGGDFKLILGQDLSIGYEDREKDAVRLFITETFTFQVVNPEALILLKF,Yes,Yes,60,Icosahedral
,Coxsackievirus A16,5TSK,MDYKDDDDKMTSAQNESQALGDLAARQLANATKTVPQLSTITPRFLLHLLSWVPVEAGIYRVNRVVNPDRVAIHSEAGAGTEEPLPETYVDYETHPREYTLRSISTLLDVHTRVSDLYSSPHDQVTQQLRLTIETIKERQEYELVNNPEYGLLAQATPEQTIQTLAGAPTPDDLDALITKVWKTPAFFLTHPLGVAAFGRECTYRGVPPPTVSMYGAQFITWRGIPIVPSDKVPVEDGTTKFVLVRTGEERQGVVGLFQPGLVGEQAPGLSVRFTGINRSAIASYLVTLYTSLAVLTDDALAVLDGVAVDQFHEYQ,Yes,Yes,60,Icosahedral
,Rat bocavirus,8TU2,SAVQQLQPTQAGISMAPSAQGAMVRIRNPAVSSSRGGITVLTHSELSAEIGVTDSIVVSSELVMPYTVGTWLRGVAANWSKYSWLSVRYTYIPSCPSSTAGSIHMGFQYDMADTVPVSVNQLSNLRGYVSGQVWSGSAGLCFINGTRCSDTSTAISTTLDVSKLGKKWYPYKTSADYATAVGVDVNIATPLVPARLVIALLDGSSSTAVAAGRIYCTYTIQMIEPTASALNN,Yes,Yes,60,Icosahedral
,synthetic construct,8F53,MTYPRRRYRRRRHRPRSHLGQILRRRPWLVHPRHRYRWRRKNGIFNTRLSRTFGYTIKRTTVKTPSWAVDMMRFNINDFLPPGGGSNPRSVPFEYYRIRKVKVEFWPCSPITQGDRGVGSSAVILDDNFVTKATALTYDPYVNYSSRHTITQPFSYHSRYFTPKPVLDSTIDYFQPNNKRNQLWLRLQTAGNVDHVGLGTAFENSIYDQEYNIRVTMYVQFREFNLKDPPLNP,Yes,Yes,60,Icosahedral
IPNV,Infectious pancreatic necrosis virus - Sp,3IDE,MNTNKATATYLKSIMLPETGPASIPDDITERHILKQETSSYNLEVSESGSGVLVCFPGAPGSRIGAHYRWNANQTGLEFDQWLETSQDLKKAFNYGRLISRKYDIQSSTLPAGLYALNGTLNAATFEGSLSEVESLTYNSLMSLTTNPQDKVNNQLVTKGVTVLNLPTGFDKPYVRLEDETPQGLQSMNGAKMRCTAAIAPRRYEIDLPSQRLPPVPATGTLTTLYEGNADIVNSTTVTGDINFSLAEQPADETKFDFQLDFMGLDNDVPVVTVVSSVLATNDNYRGVSAKMTQSIPTENITKPITRVKLSYKINQQTAIGNVATLGTMGPASVSFSSGNGNVPGVLRPITLVAYEKMTPLSILTVAGVSNYELIPNPELLKNMVTRYGKYDPEGLNYAKMILSHREELDIRTVWRTEEYKERTRVFNEITDFSSDLPTSKA,Yes,Yes,60,Icosahedral
FPV,Feline panleukopenia virus,1FPV,MSDGAVQPDGGQPAVRNERATGSGNGSGGGGGGGSGGVGISTGTFNNQTEFKFLENGWVEITANSSRLVHLNMPESENYKRVVVNNMDKTAVKGNMALDDIHVEIVTPWSLVDANAWGVWFNPGDWQLIVNTMSELHLVSFEQEIFNVVLKTVSESATQPPTKVYNNDLTASLMVALDSNNTMPFTPAAMRSETLGFYPWKPTIPTPWRYYFQWDRTLIPSHTGTSGTPTNVYHGTDPDDVQFYTIENSVPVHLLRTGDEFATGTFFFDCKPCRLTHTWQTNRALGLPPFLNSLPQSEGATNFGDIGVQQDKRRGVTQMGNTDYITEATIMRPAEVGYSAPYYSFEASTQGPFKTPIAAGRGGAQTDENQAADGDPRYAFGRQHGQKTTTTGETPERFTYIAHQDTGRYPEGDWIQNINFNLPVTNDNVLLPTDPIGGKTGINYTNIFNTYGPLTALNNVPPVYPNGQIWDKEFDTDLKPRLHINAPFVCQNNCPGQLFVKVAPNLTNQYDPDASANMSRIVTYSDFWWKGKLVFKAKLRASHTWNPIQQMSINVDNQFNYVPNNIGAMKIVYEKSQLAPRKLY,Yes,Yes,60,Icosahedral
HPV16 L1,Human papillomavirus 16,1DZL,MSLWLPSEATVYLPPVPVSKVVSTDEYVARTNIYYHAGTSRLLAVGHPYFPIKKPNNNKILVPKVSGLQYRVFRIHLPDPNKFGFPDTSFYNPDTQRLVWACVGVEVGRGQPLGVGISGHPLLNKLDDTENASAYAANAGVDNRECISMDYKQTQLCLIGCKPPIGEHWGKGSPCTQVAVQPGDCPPLELINTVIQDGDMVDTGFGAMDFTTLQANKSEVPLDICTSICKYPDYIKMVSEPYGDSLFFYLRREQMFVRHLFNRAGTVGENVPDDLYIKGSGSTANLASSNYFPTPSGSMVTSDAQIFNKPYWLQRAQGHNNGICWGNQLFVTVVDTTRSTNMSLCAAISTSETTYKNTNFKEYLRHGEEYDLQFIFQLCKITLTADVMTYIHSMNSTILEDWNFGLQPPPGGTLEDTYRFVTSQAIACQKHTPPAPKEDPLKKYTFWEVNLKEKFSADLDQFPLGRKFLLQLGLKAKPKFTLGKRKATPTTSSTSTTAKRKKRKL,Yes,Yes,60,Icosahedral
HEV,Paslahepevirus balayani,2ZTN,GAILRRQYNLSTSPLTSSVASGTNLVLYAAPLNPLLPLQDGTNTHIMATEASNYAQYRVVRATIRYRPLVPNAVGGYAISISFWPQTTTTPTSVDMNSITSTDVRILVQPGIASELVIPSERLHYRNQGWRSVETTGVAEEEATSGLVMLCIHGSPVNSYTNTPYTGALGLLDFALELEFRNLTPGNTNTRVSRYTSTARHRLRRGADGTAELTTTAATRFMKDLHFTGTNGVGEVGRGIALTLFNLADTLLGGLPTELISSAGGQLFYSRPVVSANGEPTVKLYTSVENAQQDKGITIPHDIDLGDSRVVIQDYDNQHEQDRPTPSPAPSRPFSVLRANDVLWLSLTAAEYDQTTYGSSTNPMYVSDTVTFVNVATGAQAVARSLDWSKVTLDGRPLTTIQQYSKTFYVLPLRGKLSFWEASTTKAGYPYNYNTTASDQILIENAAGHRVAISTYTTSLGAGPTSISAVGVLAPHSA,Yes,Yes,60,Icosahedral
TRSV,Tobacco ringspot virus,1A6C,AVTVVPDPTCCGTLSFKVPKDAKKGKHLGTFDIRQAIMDYGGLHSQEWCAKGIVNPTFTVRMHAPRNAFAGLSIACTFDDYKRIDLPALGNECPPSEMFELPTKVFMLKDADVHEWQFNYGELTGHGLCNWANVATQPTLYFFVASTNQVTMAADWQCIVTMHVDMGPVIDRFELNPTMTWPIQLGDTFAIDRYYEAKEIKLDGSTSMLSISYNFGGPVKHSKKHAISYSRAVMSRNLGWSGTISGSVKSVSSLFCTASFVIFPWECEAPPTLRQVLWGPHQIMHGDGQFEIAIKTRLHSAATTEEGFGRLGILPLSGPIAPDAHVGSYEFIVHINTWRPDSQVHPPMFSSSELYNWFTLTNLKPDANTGVVNFDIPGYIHDFASKDATVTLASNPLSWLVAATGWHYGEVDLCISWSRSKQAQAQEGSVSITTNYRDWGAYWQGQARIYDLRRTEAEIPIFLGSYAGATPSGALGKQNYVRISIVNAKDIVALRVCLRPKSIKFWGRSATLF,Yes,Yes,60,Icosahedral
IBDV,Infectious bursal disease virus,2GSY,MTNLSDQTQQIVPFIRSLLMPTTGPASIPDDTLEKHTLRSETSTYNLTVGDTGSGLIVFFPGFPGSIVGAHYTLQGNGNYKFDQMLLTAQNLPASYNYCRLVSRSLTVRSSTLPGGVYALNGTINAVTFQGSLSELTDVSYNGLMSATANINDKIGNVLVGEGVTVLSLPTSYDLGYVRLGDPIPAIGLDPKMVATCDSSDRPRVYTITAADDYQFSSQYQPGGVTITLFSANIDAITSLSVGGELVFRTSVHGLVLGATIYLIGFDGTTVITRAVAANNGLTTGTDNLMPFNLVIPTNEITQPITSIKLEIVTSKSGGQAGDQMSWSARGSLAVTIHGGNYPGALRPVTLVAYERVATGSVVTVAGVSNFELIPNPELAKNLVTEYGRFDPGAMNYTKLILSERDRLGIKTVWPTREYTDFREYFMEVADLNSPLKIAGAFGFKDIIRAIRRIAV,Yes,Yes,60,Icosahedral
GMDNV,Galleria mellonella densovirus,1DNV,MSLPGTGSGTSSGGGNTQGQDVYIIPRPFSNFGKKLSTYTKSHKFMIFGLANNVIGPTGTGTTAVNRLLTTCLAEIPWQKLPLYMNQSEFDLLPPGSRVVECNVKVIFRTNRIAFETSSTVTKQATLNQISNVQTAIGLNKLGWGINRAFTAFQSDQPMIPTATTAPKYEPVTGDTGYRGMIADYYGADSTNDTAFGNAGNYPHHQVSSFTFLQNYYCMYQQTNQGTGGWPCLAEHLQQFDSKTVNNQCLIDVTYKPKMGLIKSPLNYKIIGQPTVKGTISVGDNLVNMRGAVVTNPPEATQNVAESTHNLTRNFPADLFNIYSDIEKSQVLHKGPWGHENPQIQPSVHIGIQAVPALTTGALLINSSPLNSWTDSMGYIDVMSSCTVMEAQPTHFPFSTEANTNPGNTIYRINLTPNSLTSAFNGLYGNGATLGNV,Yes,Yes,60,Icosahedral
MVM,Minute virus of mice,1MVM,MSDGTSQPDGGNAVHSAARVERAADGPGGSGGGGSGGGGVGVSTGSYDNQTHYRFLGDGWVEITALATRLVHLNMPKSENYCRIRVHNTTDTSVKGNMAKDDAHEQIWTPWSLVDANAWGVWLQPSDWQYICNTMSQLNLVSLDQEIFNVVLKTVTEQDSGGQAIKIYNNDLTACMMVAVDSNNILPYTPAANSMETLGFYPWKPTIASPYRYYFCVDRDLSVTYENQEGTIEHNVMGTPKGMNSQFFTIENTQQITLLRTGDEFATGTYYFDTNPVKLTHTWQTNRQLGQPPLLSTFPEADTDAGTLTAQGSRHGATQMEVNWVSEAIRTRPAQVGFCQPHNDFEASRAGPFAAPKVPADVTQGMDREANGSVRYSYGKQHGENWAAHGPAPERYTWDETNFGSGRDTRDGFIQSAPLVVPPPLNGILTNANPIGTKNDIHFSNVFNSYGPLTTFSHPSPVYPQGQIWDKELDLEHKPRLHITAPFVCKNNAPGQMLVRLGPNLTDQYDPNGATLSRIVTYGTFFWKGKLTMRAKLRANTTWNPVYQVSVEDNGNSYMSVTKWLPTATGNMQSVPLITRPVARNTY,Yes,Yes,60,Icosahedral
FCV,Feline calicivirus,4PB6,MADDGSITAPEQGTLVGGVIAEPSAQMSAAADMATGKSVDSEWEAFFSFHTSVNWSTSETQGKILFKQALGPLLNPYLTHLAKLYVAWSGSIDVRFSISGSGVFGGKLAAIVVPPGVDPVQSTSMLQYPHVLFDARQVEPVVFTIPDLRSTLYHLMSDTDTTSLVIMIYNDLINPYANDANSSGCIVTVETKPGSDFKFHLLKPPGSMLTHGSVPSDLIPKSSSLWIGNRYWTDITDFVIRPFVFQANRHFDFNQETAGWSTPRFRPITVTISQKGGEKLGIGIATDFIVPGIPDGWPDTTIPSKLTPAGDYAVTTSNGTDITTPREYDSANEIVNNTNFKSMYICGALQRAWGDKKISNTAFITTATVEGNNLEPSNVINPTKIAVFQDNHVNRDVQTSDVTLALLGYTGIGEEAIGADRDKVVRISVLPETGARGGNHPIFYKNTVKLGYVIRSIDVFNSQILHTSRQLSLNNYLLPPDSFAVYRIIDANGSWFDIGIDSDGFSFVGVSNIGKLEFPLSASYMGIQLAKIRLASNIRSTMTKL,Yes,Yes,60,Icosahedral
AAV7,adeno-associated virus 7,7JOT,DGVGNASGNWHCDSTWLGDRVITTSTRTWALPTYNNHLYKQISSETAGSTNDNTYFGYSTPWGYFDFNRFHCHFSPRDWQRLINNNWGFRPKKLRFKLFNIQVKEVTTNDGVTTIANNLTSTIQVFSDSEYQLPYVLGSAHQGCLPPFPADVFMIPQYGYLTLNNGSQSVGRSSFYCLEYFPSQMLRTGNNFEFSYSFEDVPFHSSYAHSQSLDRLMNPLIDQYLYYLARTQSNPGGTAGNRELQFYQGGPSTMAEQAKNWLPGPCFRQQRVSKTLDQNNNSNFAWTGATKYHLNGRNSLVNPGVAMATHKDDEDRFFPSSGVLIFGKTGATNKTTLENVLMTNEEEIRPTNPVATEEYGIVSSNLQAANTAAQTQVVNNQGALPGMVWQNRDVYLQGPIWAKIPHTDGNFHPSPLMGGFGLKHPPPQILIKNTPVPANPPEVFTPAKFASFITQYSTGQVSVEIEWELQKENSKRWNPEIQYTSNFEKQTGVDFAVDSQGVYSEPRPIGTRYLTRNL,Yes,Yes,60,Icosahedral
AAV-2,adeno-associated virus 2,1LP3,GADGVGNSSGNWHCDSTWMGDRVITTSTRTWALPTYNNHLYKQISSQSGASNDNHYFGYSTPWGYFDFNRFHCHFSPRDWQRLINNNWGFRPKRLNFKLFNIQVKEVTQNDGTTTIANNLTSTVQVFTDSEYQLPYVLGSAHQGCLPPFPADVFMVPQYGYLTLNNGSQAVGRSSFYCLEYFPSQMLRTGNNFTFSYTFEDVPFHSSYAHSQSLDRLMNPLIDQYLYYLSRTNTPSGTTTQSRLQFSQAGASDIRDQSRNWLPGPCYRQQRVSKTSADNNNSEYSWTGATKYHLNGRDSLVNPGPAMASHKDDEEKFFPQSGVLIFGKQGSEKTNVDIEKVMITDEEEIRTTNPVATEQYGSVSTNLQRGNRQAATADVNTQGVLPGMVWQDRDVYLQGPIWAKIPHTDGHFHPSPLMGGFGLKHPPPQILIKNTPVPANPSTTFSAAKFASFITQYSTGQVSVEIEWELQKENSKRWNPEIQYTSNYNKSVNVDFTVDTNGVYSEPRPIGTRYLTRNL,Yes,Yes,60,Icosahedral
PORF2,Hepatitis E virus (strain Myanmar),2ZZQ,MFIQPTPSPPMSPLRPGLDLVFANPPDHSAPLGVTRPSAPPLPHVVDLPQLGPRRAVAPAHDTPPVPDVDSRGAILRRQYNLSTSPLTSSVATGTNLVLYAAPLSPLLPLQDGTNTHIMATEASNYAQYRVARATIRYRPLVPNAVGGYAISISFWPQTTTTPTSVDMNSITSTDVRILVQPGIASELVIPSERLHYRNQGWRSVETSGVAEEEATSGLVMLCIHGSPVNSYTNTPYTGALGLLDFALELEFRNLTPGNTNTRVSRYSSTARHRLRRGADGTAELTTTAATRFMKDLYFTSTNGVGEIGRGIALTLFNLADTLLGGLPTELISSAGGQLFYSRPVVSANGEPTVKLYTSVENAQQDKGIAIPHDIDLGESRVVIQDYDNQHEQDRPTPSPAPSRPFSVLRANDVLWLSLTAAEYDQSTYGSSTGPVYVSDSVTLVNVATGAQAVARSLDWTKVTLDGRPLSTIQQYSKTFFVLPLRGKLSFWEAGTTKAGYPYNYNTTASDQLLVENAAGHRVAISTYTTSLGAGPVSISAVAVLAPHSALA,Yes,Yes,60,Icosahedral
PPV,Porcine parvovirus,1K3V,MSENVEQHNPINAGTELSATGNESGGGGGGGGGRGAGGVGVSTGTFNNQTEFQYLGEGLVRITAHASRLIHLNMPEHETYKRIHVLNSESGVAGQMVQDDAHTQMVTPWSLIDANAWGVWFNPADWQLISNNMTEINLVSFEQEIFNVVLKTITESATSPPTKIYNNDLTASLMVALDTNNTLPYTPAAPRSETLGFYPWLPTKPTQYRYYLSCIRNLNPPTYTGQSQQITDSIQTGLHSDIMFYTIENAVPIHLLRTGDEFSTGIYHFDTKPLKLTHSWQTNRSLGLPPKLLTEPTTEGDQHPGTLPAANTRKGYHQTINNSYTEATAIRPAQVGYNTPYMNFEYSNGGPFLTPIVPTADTQYNDDEPNGAIRFTMDYQHGHLTTSSQELERYTFNPQSKCGRAPKQQFNQQAPLNLENTNNGTLLPSDPIGGKSNMHFMNTLNTYGPLTALNNTAPVFPNGQIWDKELDTDLKPRLHVTAPFVCKNNPPGQLFVKIAPNLTDDFNADSPQQPRIITYSNFWWKGTLTFTAKMRSSNMWNPIQQHTTTAENIGNYIPTNIGGIRMFPEYSQLIPRKLY,Yes,Yes,60,Icosahedral
B19,Human parvovirus B19,1S58,MTSVNSAEASTGAGGGSSNPVKSMWSEGATFSANSVTCTFSRQFLIPYDPEHHYKVFSPAASSCHNASGKEAKVCTITPIMGYSTPWRYLDFNALNLFFSPLEFQHLIENYGSIAPDALTVTISEIAVKDVTDKTGGGVQVTDSATGRLCMLVDHEYKYPYVLGQGQDTLAPELPIWVYFPPQYAYLTVGDVNTQGISGDSKKLASEESAFYVLEHSSFQLLGTGGTATMSYKFPPVPPENLEGCSQHFYEMYNPLYGSRLGVPDTLGGDPKFRSLTHEDHAIQPQNFMPGPLVNSVSTKEGDSSNTGAGKALTGLSTGTSQNTRISLRPGPVSQPYHHWDTDKYVTGINAISHGQTTYGNAEDKEYQQGVGRFPNEKEQLKQLQGLNMHTYFPNKGTQQYTDQIERPLMVGSVWNRRALHYESQLWSKIPNLDDSFKTQFAALGGWGLHQPPPQIFLKILPQSGPIGGIKSMGITTLVQYAVGIMTVTMTFKLGPRKATGRWNPQPGVYPPHAAGHLPYVLYDPTATDAKQHHRHGYEKPEELWTAKSRVHPL,Yes,Yes,60,Icosahedral
BmDNV-1,Bombyx mori densovirus 1,3P0S,MSEDIQPMETVGATDTGAGAQVDPRTGGQAAGGSGGMGAGGSANDGRQDIFSGAPQPNQHHTLVYGKSYHFTITNGLPEFRHLATTNSGYYAQQRFKHIHGIPWERLLMYVSEGELLRMFRDYTSLKVEEVVCEVYSLGVRLPFVTSATTSSVANANAQYPIGCFHFDEAYETNYGINNVADIINKALGTEWKNATRPTAAVTTAWSEQFPNISASSTSRDINNPVIVDYSLPYFENNVPKDVGIYDYVDIKNGTTAYGKCWEKRFKPTNGLLYAESTLKGNVVTPLAAQPTNIMTPIPGLENGYFMSNDQIRERRDLTTSVPPVALTATKLNQSASNNLNAFVDYMGYNYFGEQKCAPQSMPKFMIGFVNIRNEDNSLLNAKWDILIKTRIRLTGLQSTREWVARTDRIPPQYFTSQYTQFRYPNINETPLLRSLGTFKLPTKRPGMDSRIAAGRAAETTQDEFIDAQKKLRHKSALLPIIEKPVTRSSKLNK,Yes,Yes,60,Icosahedral
,Thermochaetoides thermophila DSM 1495,7BGJ,MLAQVLRRQALQHVRLARAAAPSLTRWYASYPPHTIVKMPALSPTMTSGNIGAWQKKPGDAITPGEVLVEIETDKAQMDFEFQEEGVLAKILKETGEKDVAVGSPIAVLVEEGTDINAFQNFTLEDAGGDAAAPAAPAKEELAKAETAPTPASTSAPEPEETTSTGKLEPALDREPNVSFAAKKLAHELDVPLKALKGTGPGGKITEEDVKKAASAPAAAAAAPGAAYQDIPISNMRKTIATRLKESVSENPHFFVTSELSVSKLLKLRQALNSSAEGRYKLSVNDFLIKAIAVACKRVPAVNSSWRDGVIRQFDTVDVSVAVATPTGLITPIVKGVEAKGLETISATVKELAKKARDGKLKPEDYQGGTISISNMGMNPAVERFTAIINPPQAAILAVGTTKKVAVPVENEDGTTGVEWDDQIVVTASFDHKVVDGAVGAEWMRELKKVVENPLELLL,Yes,Yes,60,Icosahedral
,Tenebrio molitor,8TJE,ATAILRPIGLHVEKFQQTYRKKWRFLTSANANVILAEAASGERPARWALTTGMASIPWEYLFFYMSPAEYNRMKNYPGTFAKSASVRIRTWNTRVAFQTGDTQTANATLNQNKFLQVAKGIRSIPFICSTNRKYTYSDTEPMQPTGFATLTSYEYRDGLKTAMYGYDNDNKDFAKKPPADATGAEIYLQDYLTIYTNDARATTGTKILAGFPPYKNFIEEFDASACINTDVVAMDYDFSYAPLVPQFAPVPNNLITQNYNGSYPAGTKNEVTAAKTTDSSQATAPTQVRNAPRKYIQGPHADTTFFDEEQNYLRVPIEQGGIFEEVNVETVHDTQMPSINVGIRAVPKLTTIDETTQANSWLDAQGYFEVDCVLTTESVDPYTYIKGGCYSANTKSQLQYFASDGRPIAKVYDNPNVYGRMQMIKTVKP,Yes,Yes,60,Icosahedral
,Rhodobacter capsulatus,9FFG,MSYQTKRNVRREARTLMGRFKAGKLAPVMAVPVKGSEGGMLSQSVSFELDPIAGRMATPITAEMCAVFVPVQACDALKNPEADYAGMTEIVREKLLSGNPLFVLEPETDVSKRCGVNPRSNNGLMRVNEIVRLAHNCAVNFLRRRRYVDAVQLTAANHSTTPAILSQTVLDRFNGALDPDPNVNGAVQLSMPDMRLPVASDAEKAVTAPLTVKRGNENRRLDAGISRLAAAEVAAATDAALYAVFGGREAGNVSLTDFYNAQKMDELTRVMRKICDDNPEYGEEMVLRWAHGLSVDPGRVPFLLAEKSVVLGRQIIGATDTAGVEDGVKRSDMAAQLSFTVPIPTTELGGIIVTFACIKPDETLSSQPHPILADHWRLDNFVADELALDPQPVMARELDYKVAQANETTVVFYTGLNELKKTYVSYGLCRALDPNTVESKNAVWQLEVPLSVTPETVLYPADLPQYPFADQQAEVCTYVVQSTAVMPTPMIFGPSPVEQLAVIETEDLFED,Yes,Yes,60,Icosahedral
,Zophobas morio,8T9C,MPRVRPLGPNPQDRPNWDSMNDGQRRYAMEQWNLARVRRGEYFDPPGDDDLPLTQADAIDNFDLDLLGSPQEAEQPSQQSEDGVDDFLQQVRDRQDLRDAGPSNAPQPNMADVEMAQVSSSSSGSKRGSDGSGPPSKVSKSGTSLPGTGGNLDGMARGGSGEGGATAILRPIGLHVEKFQQTYRKKWRFLTSANANVILAEAASGERPARWALTTGMASIPWEYLFFYMSPAEYNRMKNYPGTFAKSASVRIRTWNTRVAFQTGDTQTANATLNQNKFLQVAKGIRSIPFICSTNRKYTYSDTEPMQPTGFATLTSYEYRDGLKIAMYGYDNDSPDFAKKPPADATGAEIYLQDYLTIYTNDARATTGTKILAGFPPYKNFIEEFDASACINTDVVAMDYDFSYAPLVPQFAPVPNNLITQNYNASYPAGTKNEVTAAKTTDSSQATPPTQVRNAPRKYIQGPNADTTFFDEEQNYLRVPIEQGGIFEEVNVETVHDTQMPSINVGIRAVPKLTTIDETTQANSWLDAQGYFEVDCVLTTESVDPYTYIKGGCYSANTKSQLQYFANDGRPIAKVYDNPNVYGRMQMIKTVKP,Yes,Yes,60,Icosahedral
,Zophobas morio black wasting virus,8T9X,ATAILRPIGLHVEKFQQTYRKKWRFLTSANANVILAEAASGERPARWALTTGMASIPWEYLFFYMSPAEYNRMKNYPGTFAKSASVRIRTWNTRVAFQTGDTQTANATLNQNKFLQVAKGIRSIPFICSTNRKYTYSDTEPMQPTGFATLTSYEYRDGLKIAMYGYDNDSADFAKKPPADATGAEIYLQDYLTIYTNDARATTGTKILAGFPPYKNFIEEFDASACINTDVVAMDYDFSYAPLVPQFAPVPNNLITQNYNASYPAGTKNEVTAVKTTDSSQATPPTQVRNAPRKYIQGPNADTTFFDEEQNYLRVPIEQGGIFEEVNVETVHDTQMPSINVGIRAVPKLTTIDETTQANSWLDAQGYFEVDCVLTTESVDPYTYIKGGCYSANTKSQLQYFASDGRPIAKVYDNPNVYGRMQMIKTVKP,Yes,Yes,60,Icosahedral
,Sinsheimervirus phiX174,1KVP,SNIQTGAERMPHDLSHLGFLAGQIGRLITISTTPVIAGDSFEMDAVGALRLSPLRRGLAIDSTVDIFTFYVPHRHVYGEQWIKFMKDGVNATPLPTVNTTGYIDHAAFLGTINPDTNKIPKHLFQGYLNIYNNYFKAPWMPDRTEANPNELNQDDARYGFRCCHLKNIWTAPLPPETELSRQMTTSTGMAPVTTKFRDVPNLSGTPLIFRDNKGRTIKTGQLGIGPVDAGFLVAQNTAQAANGERAIPSNLWADLSNATSIDIMGLQAAYANLHTDQERDYFMQRYRDVISSFGGKTSYDADNRPLLVMRSNLWASGYDVDGTDQTSLGQFSGRVQQTYKHSVPRFFVPEHGTMFTLALVRFPPTATKEIQYLNAKGALTYTDIAGDPVLYGNLPPREISMKDVFRSGDSSKKFKIAEGQWYRYAPSYVSPAYHLLEGFPFIQEPPSGDLQERVLIRHHDYDQCFQSVQLLQWNSQVKFNVTVYRNLPTTRDSIMTS,Yes,Yes,60,Icosahedral
,Murine minute virus (STRAIN MVMI),1Z1C,DGVGNSSGNWHCDSTWMGDRVITTSTRTWALPTYNNHLYKQISSQSGASNDNHYFGYSTPWGYFDFNRFHCHFSPRDWQRLINNNWGFRPKRLNFKLFNIQVKEVTQNDGTTTIANNLTSTVQVFTDSEYQLPYVLGSAHQGCLPPFPADVFMVPQYGYLTLNNGSQAVGRSSFYCLEYFPSQMLRTGNNFTFSYTFEDVPFHSSYAHSQSLDRLMNPLIDQYLYYLSRTNTPSGTTTQSRLQFSQAGASDIRDQSRNWLPGPCYRQQRVSKTSADNNNSEYSWTGATKYHLNGRDSLVNPGPAMASHKDDEEKFFPQSGVLIFGKQGSEKTNVDIEKVMITDEEEIRTTNPVATEQYGSVSTNLQRGNRQAATADVNTQGVLPGMVWQDRDVYLQGPIWAKIPHTDGHFHPSPLMGGFGLKHPPPQILIKNTPVPANPSTTFSAAKFASFITQYSTGQVSVEIEWELQKENSKRWNPEIQYTSNYNKSVNVDFTVDTNGVYSEPRPIGTRYLTRNL,Yes,Yes,60,Icosahedral
,Snake adeno-associated virus,7U95,MSDGTDQSDSGNAVQSAARVERAADGPGGSGGGGSGGGGVGVSTGSYDNQTHYKFLGDGWVEITAYSTRMVHLNMPKSENYCRVRVHNTNDTGTASHMAMDDAHEQIWTPWSLVDANAWGVWFQPSDWQYISNNMIHINLHSLDQELFNVVIKTVTEQNTGAEAIKVYNNDLTAAMMVALDSNNILPYTPAIDNQETLGFYPWKPTIPSPYRYYFSCDRNLSVTYKDEAGTITDTMGLASGLNSQFFTIENTQRINLLRTGDEYATGTYYFDTEPIRLTHTWQTNRHLGQPPQITELPSSDTANATLTARGYRSGLTQIQGRNDVTEATRVRPAQVGFCQPHDNFETSRAGPFKVPVVPADITQGLDHDANGSLRYTYDKQHGQSWASQNNKDRYTWDAVNYDSGRWTNNCFIQSVPFTSEPNANQILTNRDNLAGKTDIHFTNAFNSYGPLTAFPHPAPIYPQGQIWDKELDLEHKPRLHTQAPFVCKNNAPGQLLVRLAPNLTDQYDPNSSNLSRIVTYGTFFWKGKLTLKAKMRPNATWNPVFQISATNQGTNDYMSIERWLPTATGNITNVPLLSRPVARNTY,Yes,Yes,60,Icosahedral
,Homo sapiens ,3J6M,GLAGRGVIYIPKDCQANRYLGTLNIRDMISDFKGVQYEKWITAGLVMPTFKIVIRLPANAFTGLTWVMSFDAYNRITSRITASADPVYTLSVPHWLIHHKLGTFSCEIDYGELCGHAMWFKSTTFESPRLHFTCLTGNNKELAADWQAVVELYAELEEATSFLGKPTLVFDPGVFNGKFQFLTCPPIFFDLTAVTALRSAGLTLGQVPMVGTTKVYNLNSTLVSCVLGMGGTVRGRVHICAPIFYSIVLWVVSEWNGTTMDWNELFKYPGVYVEEDGSFEVKIRSPYHRTPARLLADQSQRDMSSLNFYAIAGPIAPSGETAQLPIVVQIDEIVRPDLSLPSFEDDYFVWVDFSEFTLDKEEIEIGSRFFDFTSNTCRVSMGENPFAAMIACHGLHSGVLDLKLQWSLNTEFGKSSGSVTITKLVGDKAMGLDGPSHVFAIQKLEGTTELLVGNFAGANPNTRFSLYSRWMAIKLDQAKSIKVLRVLCKPRPGFSFYGRTSFPV,Yes,Yes,60,Icosahedral
,Aquifex aeolicus,8F25,MTVDSTSEARLEVPRQSSLGTAAARNLASTTKSAPQMQEITSRWLLRMLPWVETKGGAYRVNRRLTFTVGDGRVEFVQDGSTVRVIPQELGELALLRDFDDAEVLSAIADRCVQRDFRAGETLVERGTAADELHLIAHGRIGQASAGSYGDEVTLDVLADGDRFGEHALLDEDARWSQTATAETSGTLLTLSRADFAAVVANSPALRSHLAAFTARSEQRQNHRGEAEIAMSAGHVGEHELPGAFADYELKPREYELSVAQTILRVHTRVADLYNGPMNQTEEQLRLTIEALRERQEHELINNREFGLLHNADFKQRIQTHSGPPTPDDLDELLCRRRGTKFFLAHPRTIAAMGREFNARGLYPDHTDLGGQQVPAWRGVPILPCGKIPITPERTSSILALRTGEEDQGVIGLRQTGLPDEYEPGLSVRFMNIDEKAIISYLVSTYYSAAILVPDAVGVLENVQIANWPR,Yes,Yes,60,Icosahedral
,Myxococcus xanthus,7S21,MRRRAVLGGAVVYPEGPPPSYESVMQQQAAMIQPPLEAPFVPPRYLAPTEGRNSIRYSELSPLYDTTKLYLVDNKSADIASLNYQNDHSNFLTTVVQNNDFTPTEASTQTINFDERSRWGGQLKTIMHTNMPNVNEYMFSNKFKARVMVSRKAPEGEFVTVNDGPVNDTYDHKEDILKYEWFEFILPEGNFSATMTIDLMNNAIIDNYLEIGRQNGVLESDIGVKFDTRNFRLGWDPETKLIMPGVYTYEAFHPDIVLLPGCGVDFTESRLSNLLGIRKRHPFQEGFKIMYEDLEGGNIPALLDVTAYEESKKDTTTARETTTLAVAEETSEDVDDDITRGDTYITELEKQKREAAAAEVSRKKELKIQPLEKDSKSRSYNVLEDKINTAYRSWYLSYNYGNPEKGIRSWTLLTTSDVTCGAEQVYWSLPDMMQDPVTFRSTRQVNNYPVVGAELMPVFSKSFYNEQAVYSQQLRQATSLTHVFNRFPENQILIRPPAPTITTVSENVPALTDHGTLPLRSSIRGVQRVTVTDARRRTCPYVYKALGIVAPRVLSSRTF,Yes,Yes,60,Icosahedral
,Human parvovirus 4,8EP9,MTNLQDQTQQIVPFIRSLLMPTTGPASIPDDTLEKHTLRSETSTYNLTVGDTGSGLIVFFPGFPGSIVGAHYTLQGNGNYKFDQMLLTAQNLPASYNYCRLVSRSLTVRSSTLPGGVYALNGTINAVTFQGSLSELTDVSYNGLMSATANINDKIGNVLVGEGVTVLSLPTSYDLGYVRLGDPIPAIGLDPKMVATCDSSDRPRVYTITAADDYQFSSQYQPGGVTITLFSANIDAITSLSVGGELVFRTSVHGLVLGATIYLIGFDGTTVITRAVAANNGLTTGTDNLMPFNLVIPTNEITQPITSIKLEIVTSKSGGQAGDQMSWSARGSLAVTIHGGNYPGALRPVTLVAYERVATGSVVTVAGVSNFELIPNPELAKNLVTEYGRFDPGAMNYTKLILSERDRLGIKTVWPTREYTDFREYFMEVADLNSPLKIAGA,Yes,Yes,60,Icosahedral
,Spinacia oleracea,1RWT,AGGVGVSTGDFDNTTLWDFHEDGTATITCNSTRLVHLTRPDSLDYKIIPTQNNTAVQTVGHMMDDDNHTQVLTPWSLVDCNAWGVWLSPHDWQHIMNIGEELELLSLEQEVFNVTLKTATETGPPESRITMYNNDLTAVMMITTDTNNQLPYTPAAIRSETLGFYPWRPTVVPRWRYYFDWDRFLSVTSSSDQSTSIINHSSTQSAIGQFFVIETQLPIALLRTGDSYATGGYKFDCNKVNLGRHWQTTRSLGLPPKIEPPTSESALGTINQNARLAWRWGINDVHETNVVRPCTAGYNHPEWFYTHTLEGPAIDPAPPTSIPSNWGGGTPPDTRASSHNQQRITYNYNHGNKDENLNNFSLNPNNIEGSIINQGNFLSYEGNGQQINTTAGVAKNGETATSDPNLVRYMPNTYGVYTAVDHQGPVYPHGQIWDKQIHTDKKPELHCLAPFTCKNNPPGQMFVRIAPNLTDTFNATPTFSEIITYADFWWKGTLKMKIKLRPPHQWNIATVLGAAVNIGDAARFVPNRLGQLEFPVINGRIVPSTVY,Yes,Yes,60,Icosahedral
H-1PV,H-1 parvovirus,4GBT,MAPPAKRAKRGWVPPGYKYLGPGNSLDQGEPTNPSDAAAKEHDEAYDQYIKSGKNPYLYFSPADQRFIDQTKDAKDWGGKVGHYFFRTKRAFAPKLSTDSEPGTSGVSRPGKRTKPPAHIFVNQARAKKKRASLAAQQRTLTMSDGTETNQPDTGIANARVERSADGGGSSGGGGSGGGGIGVSTGTYDNQTTYKFLGDGWVEITAHASRLLHLGMPPSENYCRVTVHNNQTTGHGTKVKGNMAYDDTHQQIWTPWSLVDANAWGVWFQPSDWQFIQNSMESLNLDSLSQELFNVVVKTVTEQQGAGQDAIKVYNNDLTACMMVALDSNNILPYTPAAQTSETLGFYPWKPTAPAPYRYYFFMPRQLSVTSSNSAEGTQITDTIGEPQALNSQFFTIENTLPITLLRTGDEFTTGTYIFNTDPLKLTHTWQTNRHLGMPPRITDLPTSDTATASLTANGDRFGSTQTQNVNYVTEALRTRPAQIGFMQPHDNFEANRGGPFKVPVVPLDITAGEDHDANGAIRFNYGKQHGEDWAKQGAAPERYTWDAIDSAAGRDTARCFVQSAPISIPPNQNQILQREDAIAGRTNMHYTNVFNSYGPLSAFPHPDPIYPNGQIWDKELDLEHKPRLHVTAPFVCKNNPPGQLFVRLGPNLTDQFDPNSTTVSRIVTYSTFYWKGILKFKAKLRPNLTWNPVYQATTDSVANSYMNVKKWLPSATGNMHSDPLICRPVPHMTY,Yes,Yes,60,Icosahedral
AAVrh.8,Non-human primate Adeno-associated virus,4RSO,MAADGYLPDWLEDNLSEGIREWWDLKPGAPKPKANQQKQDDGRGLVLPGYKYLGPFNGLDKGEPVNAADAAALEHDKAYDQQLKAGDNPYLRYNHADAEFQERLQEDTSFGGNLGRAVFQAKKRVLEPLGLVEEGAKTAPGKKRPVEQSPQEPDSSSGIGKTGQQPAKKRLNFGQTGDSESVPDPQPLGEPPAAPSGLGPNTMASGGGAPMADNNEGADGVGNSSGNWHCDSTWLGDRVITTSTRTWALPTYNNHLYKQISNGTSGGSTNDNTYFGYSTPWGYFDFNRFHCHFSPRDWQRLINNNWGFRPKRLNFKLFNIQVKEVTTNEGTKTIANNLTSTVQVFTDSEYQLPYVLGSAHQGCLPPFPADVFMVPQYGYLTLNNGSQALGRSSFYCLEYFPSQMLRTGNNFQFSYTFEDVPFHSSYAHSQSLDRLMNPLIDQYLYYLVRTQTTGTGGTQTLAFSQAGPSSMANQARNWVPGPCYRQQRVSTTTNQNNNSNFAWTGAAKFKLNGRDSLMNPGVAMASHKDDDDRFFPSSGVLIFGKQGAGNDGVDYSQVLITDEEEIKATNPVATEEYGAVAINNQAANTQAQTGLVHNQGVIPGMVWQNRDVYLQGPIWAKIPHTDGNFHPSPLMGGFGLKHPPPQILIKNTPVPADPPLTFNQAKLNSFITQYSTGQVSVEIEWELQKENSKRWNPEIQYTSNYYKSTNVDFAVNTEGVYSEPRPIGTRYLTRNL,Yes,Yes,60,Icosahedral
AAV5,adeno-associated virus 5,3NTT,MSFVDHPPDWLEEVGEGLREFLGLEAGPPKPKPNQQHQDQARGLVLPGYNYLGPGNGLDRGEPVNRADEVAREHDISYNEQLEAGDNPYLKYNHADAEFQEKLADDTSFGGNLGKAVFQAKKRVLEPFGLVEEGAKTAPTGKRIDDHFPKRKKARTEEDSKPSTSSDAEAGPSGSQQLQIPAQPASSLGADTMSAGGGGPLGDNNQGADGVGNASGDWHCDSTWMGDRVVTKSTRTWVLPSYNNHQYREIKSGSVDGSNANAYFGYSTPWGYFDFNRFHSHWSPRDWQRLINNYWGFRPRSLRVKIFNIQVKEVTVQDSTTTIANNLTSTVQVFTDDDYQLPYVVGNGTEGCLPAFPPQVFTLPQYGYATLNRDNTENPTERSSFFCLEYFPSKMLRTGNNFEFTYNFEEVPFHSSFAPSQNLFKLANPLVDQYLYRFVSTNNTGGVQFNKNLAGRYANTYKNWFPGPMGRTQGWNLGSGVNRASVSAFATTNRMELEGASYQVPPQPNGMTNNLQGSNTYALENTMIFNSQPANPGTTATYLEGNMLITSESETQPVNRVAYNVGGQMATNNQSSTTAPATGTYNLQEIVPGSVWMERDVYLQGPIWAKIPETGAHFHPSPAMGGFGLKHPPPMMLIKNTPVPGNITSFSDVPVSSFITQYSTGQVTVEMEWELKKENSKRWNPEIQYTNNYNDPQFVDFAPDSTGEYRTTRPIGTRYLTRPL,Yes,Yes,60,Icosahedral
,Porcine circovirus 2,6E2R,MGITYRDAQIFSACVEALSARNNRITLTSFPLTAGQGQAPTATPAWYPVDLFVADATAVYGRRQLFAWTVDKVRPTRNVAFVTDRVAMDFSAALLSLMAELEAVAPDVYAAIHGGATPGADLGDRITQLENRRVGCLAYVMATVVRAPITHNVRSFSAMLASDPQAHAALLAYLTPNSAGQLDGAPIYFRRSDVDLRNNHLALHAEVVPGLPNMVPLTKAMVEVALANVEWWSDPLGYDSLTSFGGLELLSLCDALAVCELSVAYGLKESGYCYLRFAGGCPLAEVILARLGYNPPLGVAVGWALYNGIKLDWYSKVISVGHNMRLHVCDTAGEANACLIDVLTGEYDGMPVGGVDTVSCWVEQLDLLAAAAGVGRNLSNLHCGVQTPPRTINTTRRRLLASLVRTLIADPTLTDEELLHGAVRGTLNGLPRDRALWRCLQVVNTTVREFLAQDLDAMVRDRRECTTYASRAAFAERCAMSGNASGLVGRQYSDMPAALEGEARACGLSAIDAIEIVRVVASGEPIRVLLDQHGRPATRPNGRLTADELRRCRPLVVGQGGQVGFLPFVPFIVGGVGATVAAASGLALATFATVTGAGAVALGGLGLGAGVAALSITVGQLSYQVTRRALTTILPGGREFGLDDLTRVLGGMVGRYISFVDTWFAHGRGDVFQETDAVPAGTVVFVLPNIEYEVLELRERALGRWSTLLVTTPNGVIAMRANGALPLRVVDAREAGQTFEWSTAARRRFTRAQANAINMMVTASKRVPGLKGSIDAAPSQGTGGSGTDLAGILQRLSALEQTSVPRAEFDALQGRVAACEAKITELEADRVPRIDFTELRDRVHHIDGIGLSCLAHLARDLGITVPHNVRTFRQMRANVGEVIWARFVDAVAESFSPMGGRPIFVRTDPAQPRNNHVSLVDEPTTTGFNGTVTPAMRRLTVADLTGDLVDTEWFSWTPYDASGPLGGTIEGIEAYLTDFTSKLKAELEATPTRTELGVAVGTRAPPLSDRLAAVERVIGMQEGNQVWRSNELRELWVAIDSIVTGRGQREFTTATIKWPAAFPSAVATAGRSFGQPGLAGYGELCTLARQLNALVAGVRNGVVSGMTRNGAGVLQLSTISSATGNLTSDQQAVLRACFFPATPRVGEYQIVYPVGGTMGLTRVDPSTNSSIGQYTRESLVAARNAMPRFAVHTTTPDTVGVAWDNQSAAGLPMGAAPVLTVSVNQLSGVPVTEADKQRWDAKQDKFKIVNTDDRVAALSWVDSVDGFAAPGSDMLLDYQAPAGTGSLPFGSKYAMAVAIGGSLGSQLSEAQVSAARVVLGNGVWRDAVIDVLRKLHNVMYGGKYGRIDDIAAMRSYLNDGTGLLPGSEPIVDVGGAEGNACARATILLRGFSSTMVGVDLKIQMLVELYGAEPATAALLYRGWTMQ,Yes,Yes,60,Icosahedral
,Aquifex aeolicus,8PVJ,MWRVCARRAQNAAPRAGFGARWTALREEPGAPCAAPRAGSVPARCSSTTRGYGRSRALCGWSASSWATPQNRILLQLWGSPNRRWYSLPPHQKVPLPSLSPTMQAGTIARWEKKEGDKINEGELIAEVETDKATVGFESLEECYMAKILVAEGTRDVPVGAIICITVEKPEDIEAFKNYTLDSSAAPAPQAAPAPTPAAAAPAPTPSAQAPGSSYPTHMQVVLPALSPTMTMGTVQRWEKKVGEKLSEGDLLAEIETDKATIGFEVQEEGYLAKILIPEGTRDVPLGTPLCIIVEKEADIPAFADYRPTEVTDLKPPAPPPTPSPVTPVPPAPQPVAPTPAATRPATPAGPKGRLFVSPLAKKLASEKGIDLTQIKGTGPDGRIIKKDIDSFVPTKAAPTPAAAVPPPSPGVAPVPTGVFTDIPISNIRRVIAQRLMQSKQTIPHYYLSVDVNMGEVLLVRKELNKMLEGRSKISVNDFIIKASALACLKVPEANSSWLDTVIRQNHVVDISVAVSTPAGLITPIVFNAHIKGLETIANDVVSLATKAREGKLQPHEFQGGTFTISNLGMFGIKNFSAIINPPQACILAVGASEDRLFPADNEKGFDVASMMSVTLSCDHRVVDGAVGAQWLAEFRKYLEKPITMLL,Yes,Yes,60,Icosahedral
,Klebsiella pneumoniae,8U50,SFVDHPPDWLEEVGEGLREFLGLEAGPPKPKPNQQHQDQARGLVLPGYNYLGPGNGLDRGEPVNRADEVAREHDISYNEQLEAGDNPYLKYNHADAEFQEKLADDTSFGGNLGKAVFQAKKRVLEPFGLVEEGAKTAPTGKRIDDHFPKRKKARTEEDSKPSTSSDAEAGPSGSQQLQIPAQPASSLGADTMSAGGGGPLGDNNQGADGVGNASGDWHCDSTWMGDRVVTKSTRTWVLPSYNNHQYREIKSGSVDGSNANAYFGYSTPWGYFDFNRFHSHWSPRDWQRLINNYWGFRPRSLRVKIFNIQVKEVTVQDSTTTIANNLTSTVQVFTDDDYQLPYVVGNGTEGCLPAFPPQVFTLPQYGYATLNRDNTENPTERSSFFCLEYFPSKMLRTGNNFEFTYNFEEVPFHSSFAPSQNLFKLANPLVDQYLYRFVSTNNTGGVQFNKNLAGRYANTYKNWFPGPMGRTQGWNLGSGVNRASVSAFATTNRMELEGASYQVPPQPNGMTNNLQGSNTYALENTMIFNSQPANPGTTATYLEGNMLITSESETQPVNRVAYNVGGQMATNNQSSTTAPATGTYNLQEIVPGSVWMERDVYLQGPIWAKIPETGAHFHPSPAMGGFGLKHPPPMMLIKNTPVPGNITSFSDVPVSSFITQYSTGQVTVEMEWELKKENSKRWNPEIQYTNNYNDPQFVDFAPDSTGEYRTTRPIGTRYLTRPL,Yes,Yes,60,Icosahedral
,Homo sapiens,8PIU,MWRVCARRAQNAAPRAGFGARWTAFREEPGAPCVTPQAGSALARCSSKTPGYGRVRALCGWSPVSRATPRNRVLLQLWGSPSRRWYSLPPHQKVPLPSLSPTMQAGTIARWEKKEGEKINEGELIAEVETDKATVGFESVEECYMAKILVAEGTRDVPVGAIICITVDKPEDVEAFKNYTLDSSAAPAPPAAPAPTPAAPAPSPTPSAQAPGSSYPTHMQVLLPALSPTMTMGTVQRWEKKVGEKLNEGDLLAEIETDKATIGFEVQEEGYLAKILIPEGTRDVPLGTPLCIIVEKEADIPAFADYRPAEVTDLKPPAPPPIPSPAAPVPPAPQPVAPPPSAPRPAAPAGPKGRVFVSPLAKKLAAEKGIDLTQVKGTGPDGRIIKKDIDSFVPTKAAPTPAAAVPPPSPGVAPVPTGVFTDIPISNIRRVIAQRLMQSKQTIPHYYLSIDVNMGEVLLVRKELNKMLEGKSKISVNDFIIKASALACLKVPEANSSWMDTVIRQNHVVDISVAVSTPAGLITPIVFNAHIKGLETIANDVVSLATKAREGKLQPHEFQGGTFTISNLGMFGIKNFSAIINPPQACILAIGASEDRLVPADNEKGFDVASMMSVTLSCDHRVVDGAVGAQWLAEFRKYLEKPITMLL,Yes,Yes,60,Icosahedral
,Epinephelus coioides nervous necrosis virus,4RFT,MAAPVLYGGAGGTATGPGDMRRSLMHEKKQVFAELRREAQALRVAKEARGKMSVWDPSTREGARGYREKVVRFGRQIASLLQYFENMHSPALDIIACDKFLLKYQIYGDIDRDPAFGENTMTAEVPVVWDKCEVEVKLYAGPLQKLMSRAKLVGAAREGIPNRNDVAKSTGWNQDQVQKFPDNRMDSLISLLEQMQTGQSKLTRLVKGFLILLEMAERKEVDFHVGNHIHVTYAIAPVCDSYDLPGRCYVFNSKPTSEAHAAVLLAMCREYPPPQFASHVSVPADAEDVCIVSQGRQIQPGSAVTLNPGLVYSSILTYAMDTSCTDLLQEAQIIACSLQENRYFSRIGLPTVVSLYDLMVPAFIAQNSALEGARLSGDLSKAVGRVHQMLGMVAAKDIISATHMQSRTGFDPSHGIRQYLNSNSRLVTQMASKLTGIGLFDATPQMRIFSEMDTADYADMLHLTIFEGLWLVQDASVCTDNGPISFLVNGEKLLSADRAGYDVLVEELTLANIRIEHHKMPTGAFTTRWVAAKRDSALRLTPRSRTAHRVDMVRECDFNPTMNLKAAGPKARLRGSGVKSRRRVSEVPLAHVFRSPPRRESTTTTDDSPRWLTREGPQLTRRVPIIDEPPAYESGRSSSPVTSSISEGTSQHEEEMGLFDAEELPMQQTVIATEARRRLGRGTLERIQEAALEGQVAQGEVTAEKNRRIEAMLSARDPQFTGREQITKMLSDGGLGVREREEWLELVDKTVGVKGLKEVRSIDGIRRHLEEYGEREGFAVVRTLLSGNSKHVRRINQLIRESNPSAFETEASRMRRLRADWDGDAGSAPVNALHFVGNSPGWKRWLENNNIPSDIQVAGKKRMCSYLAEVLSHGNLKLSDATKLGRLVEGTSLDLFPPQLSSEEFSTCSEATLAWRNAPSSLGVRPFAQEDSRWLVMAATCGGGSFGIGKLKSLCKEFSVPKELRDALRVKYGLFGGKDSLE,Yes,Yes,60,Icosahedral
,Aquifex aeolicus,5MPP,MDSTEAEQMDTEQATNQTAEAGGGGGGGGGGGGGGGGVGNSTGGFNNTTEFKVINNEVYITCHATRMVHINQADTDEYLIFNAGRTTDTKTHQQKLNLEFFVYDDFHQQVMTPWYIVDSNAWGVWMSPKDFQQMKTLCSEISLVTLEQEIDNVTIKTVTETNQGNASTKQFNNDLTASLQVALDTNNILPYTPAAPLGETLGFVPWRATKPTQYRYYHPCYIYNRYPNIQKVATETLTWDAVQDDYLSVDEQYFNFITIENNIPINILRTGDNFHTGLYEFNSKPCKLTLSYQSTRCLGLPPLCKPKTDTTHKVTSKENGADLIYIQGQDNTRLGHFWGEERGKKNAEMNRIRPYNIGYQYPEWIIPAGLQGSYFAGGPRQWSDTTKGAGTHSQHLQQNFSTRYIYDRNHGGDNEVDLLDGIPIHERSNYYSDNEIEQHTAKQPKLRTPPIHHSKIDSWEEEGWPAASGTHFEDEVIYLDYFNFSGEQELNFPHEVLDDAAQMKKLLNSYQPTVAQDNVGPVYPWGQIWDKKPHMDHKPSMNNNAPFVCKNNPPGQLFVKLTENLTDTFNYDENPDRIKTYGYFTWRGKLVLKGKLSQVTCWNPVKRELIGEPGVFTKDKYHKQIPNNKGNFEIGLQYGRSTIKYIY,Yes,Yes,60,Icosahedral
,Human bocavirus 2,7L0U,MPWWYRRRSYNPWRRRNWFRRPRKTIYRRYRRRRRWVRRKPFYKRKIKRLNIVEWQPKSIRKCRIKGMLCLFQTTEDRLSYNFDMYEESIIPEKLPGGGGFSIKNISLYALYQEHIHAHNIFTHTNTDRPLARYTGCSLKFYQSKDIDYVVTYSTSLPLRSSMGMYNSMQPSIHLMQQNKLIVPSKQTQKRRKPYIKKHISPPTQMKSQWYFQHNIANIPLLMIRTTALTLDNYYIGSRQLSTNVTIHTLNTTYIQNRDWGDRNKTYYCQTLGTQRYFLYGTHSTAQNINDIKLQELIPLTNTQDYVQGFDWTEKDKHNITTYKEFLTKGAGNPFHAEWITAQNPVIHTANSPTQIEQIYTASTTTFQNKKLTDLPTPGYIFITPTVSLRYNPYKDLAERNKCYFVRSKINAHGWDPEQHQELINSDLPQWLLLFGYPDYIKRTQNFALVDTNYILVDHCPYTNPEKTPFIPLSTSFIEGRSPYSPSDTHEPDEEDQNRWYPCYQYQQESINSICLSGPGTPKIPKGITAEAKVKYSFNFKWGGDLPPMSTITNPTDQPTYVVPNNFNETTSLQNPTTRPEHFLYSFDERRGQLTEKATKRLLKDWETK,Yes,Yes,60,Icosahedral
,Mycolicibacterium smegmatis MC2 155,7BOJ,MPAIRKARGWVPPGYNYLGPFNQDFNKKPTNPSDNAARKHDLEYNKLIKQGHNPYWNYNHADEDFIKETDQATDWGGKFGNFVFRAKRALAPELAPPAKKKTKTKHTEPEYSHKHIKAGTKRGKPFYLFVNLARKKARMTDTQDVSEQQSDQPSVASTNAKAGGGGGGGGSGVGHSTGNYNNRTEFYYHGDEVTIVCHSSRHIHLNMSESEEYKIYDTDRGPRFPTDQTLQGRDTINDSYHAQVETPWFLINPNSWGTWMNPADFQQLTTTCREVTLEHLDQTLDNIVIKTVSKQGSGAEETTQYNNDLTALLQVALDKSNQLPWVADNMYLDSLGYIPWRPCKLKQYSYHVNFWNTIDIISGPQQNQWQQVKKEIRWDDLQFTPIETTTEIDLLRTGDSWTSGPYKFNTKPTQLSYHWQSTRHTGSVHPTDPPNAIGQQGQNIRDINGWQWGDRSDPMSAATRVSNFHIGYSWPEWRIHYGSGGPAINPGAPFSQAPWSTDPQVRLTQGASEKAIFDYNHGDDDPAHRDQWWQNNLPITGQTNWAPKNAHQANLSSNVPSRQEFWTQDYHNTFGPFTAVDDVGIQYPWGAIWTKTPDTTHKPMMSAHAPFICKDGPPGQLLVKLAPNYTENLQTDGLGNNRIVTYATFWWTGKLILKGKLRLPRQFNLYNLPGRPRGTEAKKFLPNEIGHFELPFMPGRCMPNYTM,Yes,Yes,60,Icosahedral
,"Thermotoga maritima, Human immunodeficiency virus type 1 BH10",5KP9,MDAMKRGLCCVLLLCGAVFVSPSQEIHARFRRGARSRAENLWVTVYYGVPVWKDAETTLFCASDAKAYDTEKHNVWATHACVPTDPNPQEIHLENVTEEFNMWKNNMVEQMHTDIISLWDQSLKPCVKLTPLCVTLQCTNVTNNITDDMRGELKNCSFNMTTELRDKKQKVYSLFYRLDVVQINENQGNRSNNSNKEYRLINCNTSAITQACPKVSFEPIPIHYCAPAGFAILKCKDKKFNGTGPCPSVSTVQCTHGIKPVVSTQLLLNGSLAEEEVMIRSENITNNAKNILVQFNTPVQINCTRPNNNTRKSIRIGPGQAFYATGDIIGDIRQAHCNVSKATWNETLGKVVKQLRKHFGNNTIIRFANSSGGDLEVTTHSFNCGGEFFYCNTSGLFNSTWISNTSVQGSNSTGSNDSITLPCRIKQIINMWQRIGQAMYAPPIQGVIRCVSNITGLILTRDGGSTNSTTETFRPGGGDMRDNWRSELYKYKVVKIEPLGVAPTRCKRRVVGGGGGSGGGGSAVGIGAVFLGFLGAAGSTMGAASMTLTVQARNLLSGNPDWLPDMTVWGIKQLQARVLAVERYLRDQQLLGIWGCSGKLICCTNVPWNSSWSNRNLSEIWDNMTWLQWDKEISNYTQIIYGLLEESQNQQEKNEQDLLALDASGAAAKPATTEGEFPETREKMSGIRRAIAKAMVHSKHTAPHVTLMDEADVTKLVAHRKKFKAIAAEKGIKLTFLPYVVKALVSALREYPVLNTSIDDETEEIIQKHYYNIGIAADTDRGLLVPVIKHADRKPIFALAQEINELAEKARDGKLTPGEMKGASCTITNIGSAGGQWFTPVINHPEVAILGIGRIAEKPIVRDGEIVAAPMLALSLSFDHRMIDGATAQKALNHIKRLLSDPELLLMGGGGSFSEEQKKALDLAFYFDRRLTPEWRRYLSQRLGLNEEQIERWFRRKEQQIGWSHPQFEKGSAKFVAAWTLKAAA,Yes,Yes,60,Icosahedral
,Mus musculus,8RB3,MWRVCARRAQNVAPWAGLEARWTALQEVPGTPRVTSRSGPAPARRNSVTTGYGGVRALCGWTPSSGATPRNRLLLQLLGSPGRRYYSLPPHQKVPLPSLSPTMQAGTIARWEKKEGDKINEGDLIAEVETDKATVGFESLEECYMAKILVAEGTRDVPIGAIICITVGKPEDIEAFKNYTLDSSAAPTPQAAPAPTPAATASPPTPSAQAPGSSYPPHMQVLLPALSPTMTMGTVQRWEKKVGEKLSEGDLLAEIETDKATIGFEVQEEGYLAKILVPEGTRDVPLGTPLCIIVEKEADISAFADYRPTEVTDLKPQVPPPTPPPVAAVPPTPQPLAPTPSAPCPATPAGPKGRVFVSPLAKKLAVEKGIDLTQVKGTGPDGRITKKDIDSFVPSKVAPAPAAVVPPTGPGMAPVPTGVFTDIPISNIRRVIAQRLMQSKQTIPHYYLSIDVNMGEVLLVRKELNKILEGRSKISVNDFIIKASALACLKVPEANSSWMDTVIRQNHVVDVSVAVSTPAGLITPIVFNAHIKGVETIANDVVSLATKAREGKLQPHEFQGGTFTISNLGMFGIKNFSAIINPPQACILAIGASEDKLVPADNEKGFDVASMMSVTLSCDHRVVDGAVGAQWLAEFRKYLEKPITMLL,Yes,Yes,60,Icosahedral
,Thermotoga maritima,9FO3,TTDGYLPDWLEDNLSEGVREWWALQPGAPKPKANQQHQDNARGLVLPGYKYLGPGNGLDKGEPVNAADAAALEHDKAYDQQLKAGDNPYLKYNHADAEFQQRLQGDTSFGGNLGRAVFQAKKRVLEPLGLVEQAGETAPGKKRPLIESPQQPDSSTGIGKKGKQPAKKKLVFEDETGAGDGPPEGSTSGAMSDDSEMRAAAGGAAVEGGQGADGVGNASGDWHCDSTWSEGHVTTTSTRTWVLPTYNNHLYKRLGESLQSNTYNGFSTPWGYFDFNRFHCHFSPRDWQRLINNNWGMRPKAMRVKIFNIQVKEVTTSNGETTVANNLTSTVQIFADSSYELPYVMDAGQEGSLPPFPNDVFMVPQYGYCGLVTGNTSQQQTDRNAFYCLEYFPSQMLRTGNNFEITYSFEKVPFHSMYAHSQSLDRLMNPLIDQYLWGLQSTTTGTTLNAGTATTNFTKLRPTNFSNFKKNWLPGPSIKQQGFSKTANQNYKIPATGSDSLIKYETHSTLDGRWSALTPGPPMATAGPADSKFSNSQLIFAGPKQNGNTATVPGTLIFTSEEELAATNATDTDMWGNLPGGDQSNSNLPTVDRLTALGAVPGMVWQNRDIYYQGPIWAKIPHTDGHFHPSPLIGGFGLKHPPPQIFIKNTPVPANPATTFSSTPVNSFITQYSTGQVSVQIDWEIQKERSKRWNPEVQFTSNYGQQNSLLWAPDAAGKYTEPRAIGTRYLTHHL,Yes,Yes,60,Icosahedral
,Feline parvovirus,1C8E,AADGYLPDWLEDNLSEGIREWWDLKPGAPKPKANQQKQDDGRGLVLPGYKYLGPFNGLDKGEPVNAADAAALEHDKAYDQQLKAGDNPYLRYNHADAEFQERLQEDTSFGGNLGRAVFQAKKRVLEPLGLVEEAAKTAPGKKRPVEPSPQRSPDSSTGIGKKGQQPAKKRLNFGQTGDSESVPDPQPIGEPPAGPSGLGSGTMAAGGGAPMADNNEGADGVGSSSGNWHCDSTWLGDRVITTSTRTWALPTYNNHLYKQISNGTSGGSTNDNTYFGYSTPWGYFDFNRFHCHFSPRDWQRLINNNWGFRPKRLSFKLFNIQVKEVTQNEGTKTIANNLTSTIQVFTDSEYQLPYVLGSAHQGCLPPFPADVFMIPQYGYLTLNNGSQAVGRSSFYCLEYFPSQMLRTGNNFEFSYTFEDVPFHSSYAHSQSLDRLMNPLIDQYLYYLSRTQSTGGTQGTQQLLFSQAGPANMSAQAKNWLPGPCYRQQRVSTTLSQNNNSNFAWTGATKYHLNGRDSLVNPGVAMATHKDDEERFFPSSGVLMFGKQGAGRDNVDYSSVMLTSEEEIKTTNPVATEQYGVVADNLQQTNTGPIVGNVNSQGALPGMVWQNRDVYLQGPIWAKIPHTDGNFHPSPLMGGFGLKHPPPQILIKNTPVPADPPTTFSQAKLASFITQYSTGQVSVEIEWELQKENSKRWNPEIQYTSNYYKSTNVDFAVNTEGTYSEPRPIGTRYLTRNL,Yes,Yes,60,Icosahedral
MS2,Escherichia phage MS2,2MS2,ASNFTQFVLVDNGGTGDVTVAPSNFANGVAEWISSNSRSQAYKVTCSVRQSSAQNRKYTIKVEVPKVATQTVGGVELPVAAWRSYLNMELTIPIFATNSDCELIVKAMQGLLKDGNPIPSAIAANSGIY,Yes,Yes,180,Icosahedral
GA,Enterobacteria phage GA,1GAV,ATLRSFVLVDNGGTGNVTVVPVSNANGVAEWLSNNSRSQAYRVTASYRASGADKRKYTIKLEVPKIVTQVVNGVELPVSAWKAYASIDLTIPIFAATDDVTVISKSLAGLFKVGNPIAEAISSQSGFYA,Yes,Yes,180,Icosahedral
PRR1,Pseudomonas phage PRR1,2VF9,AQLQNLVLKDREATPNDHTFVPRDIRDNVGEVVESTGVPIGESRFTISLRKTSNGRYKSTLKLVVPVVQSQTVNGIVTPVVVRTSYVTVDFDYDARSTTKERNNFVGMIADALKADKMLVHDTIVNLQGVY,Yes,Yes,180,Icosahedral
Qβ,Qubevirus durum,1QBE,AKLETVTLGNIGKDGKQTLVLNPRGVNPTNGVASLSQAGAVPALEKRVTVSVSQPSRNRKNYKVQVKIQNPTACTANGSCDPSVTRQAYADVTFSFTQYSTDEERAFVRTELAALLASPLLIDAIDQLNPAY,Yes,Yes,180,Icosahedral
Fr,Enterobacteria phage fr,1FRS,ASNFEEFVLVDNGGTGDVKVAPSNFANGVAEWISSNSRSQAYKVTCSVRQSSANNRKYTVKVEVPKVATQVQGGVELPVAAWRSYMNMELTIPVFATNDDCALIVKALQGTFKTGNPIATAIAANSGIY,Yes,Yes,180,Icosahedral
MCMV,Maize chlorotic mottle virus,3JB8,GTTCSMSEILLAVSATTADQILEIPVCAGIDFPAGTPPRYIGAAKWLAAQSQMWNTIVFNSVRITWETFTADTTSGYISMAFLSDYMLSLPTGVEDVARIVPSATIALKNRGPSIVMPQNRTAFRCIQAGQFAALGSAADKQMYSPGRFIVAIPKASATQAVGQIKISYSVSYRGAAILQPALVP,Yes,Yes,180,Icosahedral
,Barley yellow dwarf virus,6SCL,MNSVGRRGPRRANQNGTRRRRRRTVRPVVVVQPNRAGPRRRNGRRKGRGGANFVFRPTGGTEVFVFSVDNLKANSSGAIKFGPSLSQCPALSDGILKSYHRYKITSIRVEFKSHASANTAGAIFIELDTACKQSALGSYINSFTISKTASKTFRSEAINGKEFQESTIDQFWMLYKANGTTTDTAGQFIITMSVSLMTAK,Yes,Yes,180,Icosahedral
CMVTT,Cucumber mosaic virus,5OW6,ADANFRVLSQQLSRLNKTLAAGRPTINHPTFVGSERCRPGYTFTSITLKPPKIDRGSYYGKRLLLPDSVTEYDKKLVSRLQIRVNPLPKFDSTVWVTVRKVPASSDLSVAAISAMFADGASPVLVYQYAASGVQANNKLLYDLSAMRADIGDMRKYAVLVYSKDDALETDELVLHVDIEHQRIPTSGVLPV,Yes,Yes,180,Icosahedral
CSDaV,Citrus sudden death-associated virus,7SQZ,MASDAQAGPAPSRDDRVDRQPRLPAAPRVAEVGLNAPSVDYPFQWVVASYDGSEAKNLSDDLSGSATLTKVMANYRHAELTSVELEVCPLAAAFSKPISVSAVWTIASISPASASETSYYGGRLFTVGGPVLMSSTTHLPADLTRLNPVLKGPVKYTDCPRFSYSVYSNGGTKGTNLCTIILRGVVRLSGPSGNLLA,Yes,Yes,180,Icosahedral
PhMV,Physalis mottle virus,1QJZ,MDSSEVVKVKQASIPAPGSILSQPNTEQSPAIVLPFQFEATTFGTAETAAQVSLQTADPITKLTAPYRHAQIVECKAILTPTDLAVSNPLTVYLAWVPANSPATPTQILRVYGGQSFVLGGAISAAKTIEVPLNLDSVNRMLKDSVTYTDTPKLLAYSRAPTNPSKIPTASIQISGRIRLSKPMLIAN,Yes,Yes,180,Icosahedral
BMV,Brome mosaic virus,1JS9,MSTSGTGKMTRAQRRAAARRNRWTARVQPVIVEPLAAGQGKAIKAIAGYSISKWEASSDAITAKATNAMSITLPHELSSEKNKELKVGRVLLWLGLLPSVAGRIKACVAEKQAQAEAAFQVALAVADSSKEVVAAMYTDAFRGATLGDLLNLQIYLYASEAVPAKAVVVHLEVEHVRPTFDDFFTPVYR,Yes,Yes,180,Icosahedral
,Turnip yellow mosaic virus,1W39,MEIDKELAPQDRTVTVATVLPAVPGPSPLTIKQPFQSEVLFAGTKDAEASLTIANIDSVSTLTTFYRHASLESLWVTIHPTLQAPTFPTTVGVCWVPAQSPVTPAQITKTYGGQIFCIGGAIQTLSPLIVKCPLEMMQPRVKDSIQYLDSPKLLISITAQPTAPPASTCIITVSGTLSMHSPLITDTST,Yes,Yes,180,Icosahedral
,Desmodium yellow mottle virus,1DDL,MEQDKILAHQASLNTKPSLLPPPVGNPPPVISYPFQITLASLGTEDAADSVSIASNSVLATYTALYRHAQLKHLKATIHPTYMAPKYPTSVALVWVPANSTATSTQVLDTYGGLHFCIGGSVNSVKPIDVEANLTNLNPIIKASTTFTDTPKLLYYSKAQATAPTSPTCYLTIQGQIELSSPLLQASS,Yes,Yes,180,Icosahedral
,unclassified Emesvirus,2W4Z,ALGDTLTITLGGSGGTAKVLRKINQDGYTSEYYLPETSSSFRAKVRHTKESVKPNQVQYERHNVEFTETVYASGSTPEFVRQAYVVIRHKVGDVSATVSDLGEALSFYLNEALYGKLIGWES,Yes,Yes,180,Icosahedral
,Leviviridae sp.,6YFP,SYTIDINCSTGDTQANLVLTEIPAEPYVHVSGDNKSTIEYLDTGSDNSLLVRPTQQFNCVSSQYPYRNYSKIPRSQQDPLAVRREFYTRRVEYWRKADASNVDAPEYTLPQSCSIRLASTVTKETTAADIAGIVLRTLAPIFPNGSGDWIKLQQLIDGLPRIFG,Yes,Yes,180,Icosahedral
,Emesvirus zinderi,6RRS,MASNFTQFVLVDNGGTGDVTVAPSNFANGVAEWISSNSRSQAYKVTCSVRQSSAQNRKYTIKVEVPKVATQTVGGVELPVAAWRSYLNMELTIPIFATNSDCELIVKAMQGLLKDGNPIPSAIAANSGIY,Yes,Yes,180,Icosahedral
,Beihai levi-like virus 19,6YFE,PALKPITLTDHSSADVIFTPTQIDKNGVAYFRHLQANGKPIGAYTVSSHVKEPGTNGDVFRVKLFVNVPEVATITPNGSDTSSVEIARTNRAQVEFILPAQSAATVREDLVALLASALADTAIKSTIVNVEHFY,Yes,Yes,180,Icosahedral
,Leviviridae sp.,6YFN,PQAADIVIADAQATPVNHTFVPIGPDPKDATIYWWEDQSQASPAGYWRLSMQLVRPAPAKAGQNTNQRMIRVRVSTFEPILEVAVTATYSGIAPSPTVSYVPKAFTEFVLPERATLDNRKDIRKMHALALTTSEAIAMIESLQFVY,Yes,Yes,180,Icosahedral
,Leviviridae sp.,6YFC,MRLTDVDLTVGEETREYAVSEQQGTLFRFVDKSGTVANNTGVFSLEQRFGAANSNRKVTMLLTDPVVVKDASGADMTIKANASVTFSLPKTYPNEHITKLRQTLIAWLGQQCVSDPVDSGLNNY,Yes,Yes,180,Icosahedral
,Leviviridae sp.,6YFL,AYSPSTPVTGAAQTGFTSPTYTLTSDTAPTALGKQHAVTATGGTQTGVTTHSVSSPFTITFTRPKTMKTVGVPNSNGVITNIGRNTYGFLVRKGVIPAVNQSPQVMLVRVEISVPAGADTYDAANVKAALSAAIGVLSQQSAGIGDTALSGIL,Yes,Yes,180,Icosahedral
,"Wenzhou levi-like virus 1, unidentified",6YFT,STFSSLVIGSNTFIPTAPGYYSLSTRGFSDPRNQIKISGGKFNAKTGRVTAAVSRLWETDVTVAGLPVRSAAEVAIIMTLGRGITATNADVLLSDLNTLLDPARLDQILQGGF,Yes,Yes,180,Icosahedral
,Qubevirus durum,5KIP,MAKLETVTLGNIGKDGKQTLVLNPRGVNPTNGVASLSQAGAVPALEKRVTVSVSQPSRNRKNYKVQVKIQNPTACTANGSCDPSVTRQAYADVTFSFTQYSTDEERAFVRTELAALLASPLLIDAIDQLNPAY,Yes,Yes,180,Icosahedral
,Turnip yellow mosaic virus,1AUY,XMEIDKELAPQDRTVTVATVLPAVPGPSPLTIKQPFQSEVLFAGTKDAEASLTIANIDSVSTLTTFYRHASLESLWVTIHPTLQAPTFPTTVGVCWVPAQSPVTPAQITKTYGGQIFCIGGAIQTLSPLIVKCPLEMMQPRVKDSIQYLDSPKLLISITAQPTAPPASTCIITVSGTLSMHSPLITDTST,Yes,Yes,180,Icosahedral
,Cowpea chlorotic mottle virus,1ZA7,RVVQPVIVEPIASGQGRAIKAWTGYSVSKWTASCAAAEAKVTSAITISLPNELSSERNKQLKVGRVLLWLGLLPSVSGTVKSCVTETQTTAAASFQVALAVADNSKDVVAAMYPEAFKGITLEQLAADLTIYLYSSAALTEGDVIVHLEVEHVRPTFDDSFTPVY,Yes,Yes,180,Icosahedral
,Leviviridae sp.,6YFO,SIIGSSIKTGATSASITGGSDITFALTGQTVTNGLNVSVSEDTDYRTRRNATFKSRVPTVVNGNYSKGKNEVVFVIPMSLDSGETVFNSVRIALEIHPALASASVKDLRLIGAQLLTDADYDSFWTLGALA,Yes,Yes,180,Icosahedral
,Acinetobacter phage AP205,5LQP,ANKPMQPITSTANKIVWSDPTRLSTTFSASLLRQRVKVGIAELNNVSGQYVSVYKRPAPKPEGCADACVIMPNENQSIRTVISGSAENLATLKAEWETHKRNVDTLFASGNAGLGFLDPTAAIVSSDTT,Yes,Yes,180,Icosahedral
,Leviviridae sp.,6YFH,PAMTNIVLRDDQTSVATKTLIPIVSDGNMSVWRENAANVPIDGQIKLTGQWERMKDGTYRLNAKLEVPVMETAGAGGAYVAPPKVAYKVTASLTLYAPSRSTIADRANAMKMLSAVLCGADATAGTTLSPQSVTGDAWKNSALPFVFGFINQAFPT,Yes,Yes,180,Icosahedral
,Hepatitis B virus subtype adyw,6BVN,MDIDPYKEFGATVELLSFLPSDFFPSVRDLLDTAAALYRDALESPEHASPHHTALRQAILAWGDLMTLATWVGTNLEDPASRDLVVSYVNTNVGLKFRQLLWFHISALTFGRETVLEYLVSFGVWIRTPPAYRPPNAPILSTLPETTVVC,Yes,Yes,180,Icosahedral
,Leviviridae sp.,6YFM,SSQANITVFDGAATPVSHVLVPLGVGIDENLGSVAKWRENLATVPLYANVRVTTMQKKLKSGIERVEIRVEVPVMEAVSGQNAFGYTAAPKVAFTDSGSFVGYFSERSAQSNRRLVKQILTNLLGNVSTSVAAPTTGFASELIDSGITAS,Yes,Yes,180,Icosahedral
,Hepatitis B virus,8UYU,MDIDPYKEFGATVELLSFLPSDFFPSVRDLLDTASALYREALESPEHCSPHHTALRQAILCWGELMTLATWVGVNLEDPASRDLVVSYVNTNMGLKFRQLLWFHISCLTFGRETVIEYLVSFGVWIRTPPAYRPPNAPILSTLPETTVVRRRGRSPRRRTPSPRRRRSQSPRRRRSQSREPQC,Yes,Yes,180,Icosahedral
,Leviviridae sp.,9HAU,LSIGTKNVSIYRNTADEVIYAGPAHDVTNVDTVSLRRSLPVKKGSDNGTMRGNMNFAKSFPNGDKKSLVVVNLTAHVPVGVDATAVRTWMTSEVFPGATSSVTLDLATKGVIHLSDA,Yes,Yes,180,Icosahedral
,Leviviridae sp.,6YFQ,AQIANLILADGQATPANHTFVPMQPQTGITPSQWLNKEAASNIGYRKVSMFVKYVSNGTSKVTIRIADPVLASVPAGCCVDTNTPQVAYSTFFECTFSVPYGATLQNKKDILAYARNLLGTQVVTDAVVDMTPAW,Yes,Yes,180,Icosahedral
,Brome mosaic virus,7PE1,SNIMSTSGTGKMTRAQRRAAARRNRRTAGVQPVIVEPIAAGQGKAIKAIAGYSISKWEASSDAITAKATNAMSITLPHELSSEKNKELKVGRVLLWLGLLPSVAGRIKACVAEKQAQAEAAFQVALAVADSSKEVVAAMYTDAFRGATLGDLLNLQIYLYASEAVPAKAVVVHLEVEHVRPTFDDFFTPVYK,Yes,Yes,180,Icosahedral
,ssRNA phage ESE017,9HAR,AIANSSIAIDSTASVTGGTARTVKELVRNNSELNAYIDEGLSFQARKEVAFSVKVPKVSVSAPGGFTQARSTVILKSPKTLANGNRTVNTVSIQLSVDPETTAAEVTTMLNAAAQLLFDSDYSDFWKAQALA,Yes,Yes,180,Icosahedral
,Leviviridae sp.,6YFS,AQHNMRLQLTSGTSLTWVDPNDFRSTFRINLNVNQKVAGAVSVYNARSEVITNRAPLVVIEGCTDACSVNRENISIRTTISGSVENKAAVLAALLDHLHNLGLARDDLVAGLLPTTIQPVVEYTGS,Yes,Yes,180,Icosahedral
,Leviviridae sp.,6YFJ,AYKLIKMAGGNSAIQTYAREDKTTQTLSTQKTISVLRNGSTSTRIIKVHINSTAPVTINTCDPTKCGPTVPMGVSFKSSMPEDADPAEVLKAAKAALALFEANLNSAFNKNVDEISVA,Yes,Yes,180,Icosahedral
,Leviviridae sp.,6YF9,AAPSLALVGANSTLASTLVNYSLRSQNGNNVDYVCTDPDSTLSAPGLINAKFDIKAPGITGNDRIHANLRKVVLDEKTNLPSTGSVTIQVSIPRNPAWNASMTVSLLKQAADYLAGTSATVSGQTDTSGFPAKWAGLMFP,Yes,Yes,180,Icosahedral
,Leviviridae sp.,9HAT,AARSSIVLTDGTTPVTLTPVGGGVGQTLYRATAEALSAANPSLSFGYRFTDGGTNRQSLSYKQPITAVDSTTSETLVRGQCVVDINIVIPRVATATDRAEAIKRAFDVLNALNAELITGEGQW,Yes,Yes,180,Icosahedral
,Leviviridae sp.,6YFK,QIANVVLADGQAAPADKTFEPQRGQNGVTDPAEWWEKSSPTLNGYRRLTALVRRNAASKSVKVKVAIYDPTLAVTAPSTASGIQPSPTVAFTCPVFIEFTLPDACTIQNRKDILAYAKNFLASATATDLVVNTAPQY,Yes,Yes,180,Icosahedral
,Leviviridae sp.,9HAS,SKVFNTQTFDIYSTEKDVVSLRDFANDKDTLAYKRLAPKRTKDSPGMAKSELKITRVDPTTGVLIGIVNVSSSIRADATAADKTALMAIITAAQADGAWTELVTDQRLPLATV,Yes,Yes,180,Icosahedral
OGNNV,Orange-spotted grouper nervous necrosis virus,3JBM,MVRKGEKKLAKPATTKAANPQPRRRANNRRRSNRTDAPVSKASTVTGFGRGTNDVHLSGMSRISQAVLPAGTGTDGYVVVDATIVPDLLPRLGHAARIFQRYAVETLEFEIQPMCPANTGGGYVAGFLPDPTDNDHTFDALQATRGAVVAKWWESRTVRPQYTRTLLWTSSGKEQRLTSPGRLILLCVGNNTDVVNVSVLCRWSVRLSVPSLETPEETTAPIMTQGSLYNDSLSTNDFKSILLGSTPLDIAPDGAVFQLDRPLSIDYSLGTGDVDRAVYWHLKKFAGNAGTPAGWFRWGIWDNFNKTFTDGVAYYSDEQPRQILLPVGTVCTRVDSEN,Yes,Yes,180,Icosahedral
PfV,Pyrococcus furiosus,2E0Z,MLSINPTLINRDKPYTKEELMEILRLAIIAELDAINLYEQMARYSEDENVRKILLDVAREEKAHVGEFMALLLNLDPEQVTELKGGFEEVKELTGIEAHINDNKKEESNVEYFEKLRSALLDGVNKGRSLLKHLPVTRIEGQSFRVDIIKFEDGVRVVKQEYKPIPLLKKKFYVGIRELNDGTYDVSIATKAGELLVKDEESLVIREILSTEGIKKMKLSSWDNPEEALNDLMNALQEASNASAGPFGLIINPKRYAKLLKIYEKSGKMLVEVLKEIFRGGIIVTLNIDENKVIIFANTPAVLDVVVGQDVTLQELGPEGDDVAFLVSEAIGIRIKNPEAIVVLE,Yes,Yes,180,Icosahedral
ACNNV,Betanodavirus sp.,6RJ0,VRKGNKKLAKQATTKAVNPQPRRRNNNRRRGMRADAPLAKASTITGFGRGTNDVHLTGMSRIAQAVIPAGTGTDGYIVVDETIVPELLPRLGFAARIFQRYAVETLEFEIQPMCPANTGGGYVAGFLPDPTDSDHTFDAIQATRGAVVAKWWESRTIRPQYARALLWTSVGKEQRLTSPGRLILLCVGNNTDVVNVSVLCRWSVRLSVPSLETPEDTFAPILTLGPLYNDSLAANDFKSILLGSTQLDIAPEGAVYSLDRPLSIDYNLGTGDVDRAVYWHVKKVAGNAGTPAGWFHWGLWDNFNKTFTQGTAYYSDAQPRQILLPVGTLFTRADSGN,Yes,Yes,180,Icosahedral
,Potato leafroll virus,6SCO,MSTVVVKGNVNGGVQQPRMRRRQSLRRRANRVQPVVMVTAPGQPRRRRRRRGGNRRSRRTGVPRGRGSSETFVFTKDNLVGNTQGSFTFGPSLSDCPAFKDGILKAYHEYKITSILLQFVSEASSTSSGSIAYELDPHCKVSSLQSYVNKFQITKGGAKTYQARMINGVEWHDSSEDQCRILWKGNGKSSDSAGSFRVTIKVALQNPK,Yes,Yes,180,Icosahedral
,Yellow fever virus,1NA4,SRCTHLENRDFVTGTQGTTRVTLVLELGGCVTITAEGKPSMDVWLDAIYQENPAKTREYCLHAKLSDTKVAARCPTMGPATLAEEHQGGTVCKRDQSDRGWGNHCGLFGKGSIVACVKAACEAKKKATGHVYDANKIVYTVKVEPHTGDYVAANETHSGRKTASFTISSEKTILTMGEYGDVSLLCRVASGVDLAQTVILELDKTVEHLPTAWQVHRDWFNDLALPWKHEGAQNWNNAERLVEFGAPHAVKMDVYNLGDQTGVLLKALAGVPVAHIEGTKYHLKSGHVTCEVGLEKLKMKGLTYTMCDKTKFTWKRAPTDSGHDTVVMEVTFSGTKPCRIPVRAVAHGSPDVNVAMLITPNPTIENNGGGFIEMQLPPGDNIIYVGELSHQWFQK,Yes,Yes,180,Icosahedral
,Southern bean mosaic virus,4SBV,ATRLTKKQLAQAIQNTLPNPPRRKRRAKRRAAQVPKPTQAGVSMAPIAQGTMVKLRPPMLRSSMDVTILSHCELSTELAVTVTIVVTSELVMPFTVGTWLRGVAQNWSKYAWVAIRYTYLPSCPTTTSGAIHMGFQYDMADTLPVSVNQLSNLKGYVTGPVWEGQSGLCFVNNTKCPDTSRAITIALDTNEVSEKRYPFKTATDYATAVGVNANIGNILVPARLVTAMEGGSSKTAVNTGRLYASYTIRLIEPIAAALNL,Yes,Yes,180,Icosahedral
SBMV,Sesbania mosaic virus,1SMV,AKRLSIQQLAKAIANTLETPPQPKAGRRRNRRRQRSAVQQLPPIQAGISMAPSAQGAMVRIRNPAVSSSRGAITVLHCELTAEIGVTDSIVVSSELVMPYTVGTWLRGVADNWSKYSWLSVRYTYIPSCPSSTAGSIHMGFQYDMADTVPVSVNKLSNLRGYVSGQVWSGSAGLCFINNSRCSDTSTAISTTLDVSELGKKWYPYKTSADYATAVGVDVNIATDLVPARLVIALLDGSSSTAVAAGRIYDTYTIQMIEPTASALNL,Yes,Yes,180,Icosahedral
,Tomato bushy stunt virus,2TBV,AMTTRNNNNVLAVSKKQLGVLAASAAVGALRNYIGESSPALLQSAVGLGKKALNKVRNRRKQGNQQIITHVGGVGGSIMAPVAVSRQLVGSKPKFTGRTSGGVTVTSHREYLTQVNNSSGFVVNGGIVGNSLQLNPSNGTLFSWLPALASNFDQYSFNSVVLDYVPLCGTTEVGRVALYFDKDSQDPEPADRVELANFGVLKETAPWAEAMLRIPTDKVKRYCNDSATVDQKLIDLGQLGIATYGGAGADAVGELFLARSVTLYFPQPTNTLLSSKRLDLTGSLADATGPGYLVLTRTPTVLTHTFRATGTFNLSGGLRCLTSLTLGATGAVVINDILAIDNVGTASDYFLNCTVSSLPATVTFTVSGVAAGILLVGRARANVVNLL,Yes,Yes,180,Icosahedral
TNV,unidentified tobacco necrosis virus,1C8N,ANINDKRVMKEANGIFVEQRWNGKRWVTEASWRAGQAPNKERAATVTKSIARKVRGGVSRAGGFVTAPVIGAMVTRPTVPRFGMRGNSTVVSNSELILNLTPIALAYTVQSLPLIATQPAWLGTIADNYSKWRWVSLRIIYSPKCPTTTSGTVAMCLSYDRNDVAPGSRVQLSQTYKAINFPPYAGYDGAAILNTDVTPTSAIYVDVDVTRFDKAWYSTIGTAAFAALTAFDQNQFCPCTVHIGSDGGPAVAVPPGDIFFKYVIELIEPINPTMNV,Yes,Yes,180,Icosahedral
RGMoV,Ryegrass mottle virus,2IZW,ARKKGKSASQVIVLKEKSRKKRQKSRGQQPTRQVTPVSAPAAMGTQITYRGPQVVTQYGDITPAKNSGSLVRVTSSATAGTEVSGTVLFNVRNATELPWLSGQGSRYSKYRVRYAHFTWEPIVGSNTNGEVAMAMLYDVADVTSITIERLMQTRGGTWGPIWSPTRKRLSYDPEHASLPWYLSGVSSGAAAGNIQTPFQIAWAAQSSLVSTTLGRIMAEYLVELTDPVDVTINQ,Yes,Yes,180,Icosahedral
TAV,Tomato aspermy virus,1LAJ,MAQNGTGGGSRRPRRGRRNNNNNNSTARDKALLALTQQVNRLANIASSSAPSLQHPTFIASKKCRAGYTYTSLDVRPTRTEKDKSFGQRLIIPVPVSEYPKKKVSCVQVRLNPSPKFNSTIWVSLRRLDETTLLTSENVFKLFTDGLAVLIYQHVPTGIQPNNKITFDMSNVGAEIGDMGKYALIVYSKDDVLEADEMVIHIDIEHQRIPSASTLPV,Yes,Yes,180,Icosahedral
RYMV,Rice yellow mottle virus,1F2N,ARKGKKTNSNQGQQGKRKSRRPRGRSAEPQLQRAPVAQASRISGTVPGPLSSNTWPLHSVEFLADFKRSSTSADATTYDCVPFNLPRVWSLARCYSMWKPTRWDVVYLPEVSATVAGSIEMCFLYDYADTIPRYTGKMSRTAGFVTSSVWYGAEGCHLLSGGSARNAVVASMDCSRVGWKRVTSSIPSSVDPNVVNTILPARLAVRSSIKPTVSDTPGKLYVIASMVLRDPVDPTLNT,Yes,Yes,180,Icosahedral
,Chimeric Tick-borne encephalitis virus/Dengue virus 4,1K4R,SRCTHLENRDFVTGTQGTTRVTLVLELGGCVTITAEGKPSMDVWLDAIYQENPAKTREYCLHAKLSDTKVAARCPTMGPATLAEEHQGGTVCKRDQSDRGWGNHCGLFGKGSIVACVKAACEAKKKATGHVYDANKIVYTVKVEPHTGDYVAANETHSGRKTASFTISSEKTILTMGEYGDVSLLCRVASGVDLAQTVILELDKTVEHLPTAWQVHRDWFNDLALPWKHEGAQNWNNAERLVEFGAPHAVKMDVYNLGDQTGVLLKALAGVPVAHIEGTKYHLKSGHVTCEVGLEKLKMKGLTYTMCDKTKFTWKRAPTDSGHDTVVMEVTFSGTKPCRIPVRAVAHGSPDVNVAMLITPNPTIENNGGGFIEMQLPPGDNIIYVGELSHQWFQK,Yes,Yes,180,Icosahedral
RCNMV,Red clover necrotic mosaic virus,6MRM,MSSKAPKKSKQRSQPRNRTPNTSVKTVAIPFAKTQIIKTVNPPPKPARGILHTQLVMSVVGSVQMRTNNGKSNQRFRLNPSNPALFPTLAYEAANYDMYRLKKLTLRYVPLVTVQNSGRVAMIWDPDSQDSAPQSRQEISAYSRSVSTAVYEKCSLTIPADNQWRFVADNTTVDRKLVDFGQLLFVTHSGSDGIETGDIFLDCEVEFKGPQPTASIVQKTVIDLGGTLTSFEGPSYLMPPDAFITSSSFGLFVDVAGTYLLTLVVTCSTTGSVTVGGNSTLVGDGRAAYGSSNYIASIVFTSSGVLSTTPSVQFSGSSGVSRVQMNICRCKQGNTFILG,Yes,Yes,180,Icosahedral
MNSV,Melon necrotic spot virus,2ZAH,NISYTEGAKPGAISAPVAISRRVAGMKPRFVRSEGSVKIVHREFIASVLPSNDLTVNNGDVNIGKYRVNPSNNALFTWLQGQAQLYDMYRFTRLRFTYIPTTGSTSTGRVSILWDRDSQDPLPIDRAAISSYAHYADSAPWAENVLVVPCDNTWRYMNDTNAVDRKLVDFGQFLFATYSGAGATAHGDLYVEYAVEFKDPQPIAGMVCMFDRLVSFSEVGSTIKGVNYIADRDVITTGGNIGVNINIPGTYLVTIVLNATSIGSLTFTGNSKLVGNSLNVTSSGASALTFTLNSTGVPNSSNSSFSVGTVVALTRVRMTITRCSPETAYLA,Yes,Yes,180,Icosahedral
CMtV,Carnation mottle virus,1OPO,MENKGEKIAMNPTVQTLAQKGDKLAVKLVTRGWASLSTNQKRRAEMLAGYTPAILAFTPRRPRMTNPPPRTSRNSPGQAGKSMTMSKTELLSTVKGTTGVIPSFEDWVVSPRNVAVFPQLSLLATNFNKYRITALTVKYSPACSFETNGRVALGFNDDASDTPPTTKVGFYDLGKHVETAAQTAKDLVIPVDGKTRFIRDSASDDAKLVDFGRIVLSTYGFDKADTVVGELFIQYTIVLSDPTKTAKISQASNDKVSDGPTYVVPSVNGNELQLRVVAAGKWCIIVRGTVEGGFTKPTLIGPGISGDVDYESARPIAVCELVTQMEGQILKITKTSAEQPLQWVVYRM,Yes,Yes,180,Icosahedral
,Orsay virus,4NWV,NKNNTHKSNRKGKPVKQPSSHKRNNNPSRSVAPVAKANALRTTSSNSILLKGCDRIVTVVDASTYDAGSAIVSIPITPDIAYRLGSTARTFQRIKYRSLKFRVNAQCATTTAGGYVAGFVKDAADVLPTGTASIPYLMSNTGSFTQPWWKSTVHNVKIPQKLFYTEAPTRGADAVREYCPGQFHVLVDSKPSQICPVTVDLEWVVELHDATFRKESDQTAISAIVADHTLNVYGLPATSNRVGHILISPIGQTPKDLTPTRFATFFGFLPDDKFCVRIPTPVDVVLTGDNVYQSVEATHIRAYLVNGGLGIDFHLAAYNDTTHTIQPIIPTLWNVYDVTGAVTAPFTSAIYDNHVWTHKDKFVPVSFQDEPIPGTVFDYLYPRSYSLPSSN,Yes,Yes,180,Icosahedral
,Dengue virus 2 Puerto Rico/PR159-S1/1969,1THD,MRCIGISNRDFVEGVSGGSWVDIVLEHGSCVTTMAKNKPTLDFELIKTEAKQPATLRKYCIEAKLTNTTTDSRCPTQGEPTLNEEQDKRFVCKHSMVDRGWGNGCGLFGKGGIVTCAMFTCKKNMEGKIVQPENLEYTVVITPHSGEEHAVGNDTGKHGKEVKITPQSSITEAELTGYGTVTMECSPRTGLDFNEMVLLQMKDKAWLVHRQWFLDLPLPWLPGADTQGSNWIQKETLVTFKNPHAKKQDVVVLGSQEGAMHTALTGATEIQMSSGNLLFTGHLKCRLRMDKLQLKGMSYSMCTGKFKVVKEIAETQHGTIVIRVQYEGDGSPCKIPFEIMDLEKRHVLGRLITVNPIVTEKDSPVNIEAEPPFGDSYIIIGVEPGQLKLDWFKKG,Yes,Yes,180,Icosahedral
TBEV,Tick-borne encephalitis virus (STRAIN SOFJIN),8R8L,SRCTHLENRDFVTGTQGTTRVTLVLELGGCVTITAEGKPSMDVWLDSIYQENPAKTREYCLHAKLSDTKVAARCPTMGPATLAEEHQSGTVCKRDQSDRGWGNHCGLFGKGSIVTCVKASCEAKKKATGHVYDANKIVYTVKVEPHTGDYVAANETHSGRKTASFTVSSEKTILTMGDYGDVSLLCRVASGVDLAQTVILELDKTSEHLPTAWQVHRDWFNDLALPWKHEGAQNWNNAERLVEFGAPHAVKMDVYNLGDHTGVLLKSLAGVPVAHIDGTKYHLKSGHVTCEVGLEKLKMKGLTYTMCDKTKFTWKRIPTDSGHDTVVMEVAFSGTKPCRIPVRAVAHGSPDVNVAMLITPNPIIENNGGGFIEMQLPPGDNIIYVGELSHQWFQKG,Yes,Yes,180,Icosahedral
DENV1,dengue virus type 1,3J05,MRCVGIGNRDFVEGLSGATWVDVVLEHGSCVTTMAKDKPTLDIELLKTEVTNPAVLRKLCIEAKISNTTTDSRCPTQGEATLVEEQDANFVCRRTFVDRGWGNGCGLFGKGSLLTCAKFKCVTKLEGKIVQYENLKYSVIVTVHTGDQHQVGNETTEHGTIATITPQAPTSEIQLTDYGALTLDCSPRTGLDFNEMVLLTMKEKSWLVHKQWFLDLPLPWTSGASTSQETWNRQDLLVTFKTAHAKKQEAVVLGSQEGAMHTALTGATEIQTSGTTTIFAGHLKCRLKMDKLTLKGISYVMCTGSFKLEKEVAETQHGTVLVQVKYEGTDAPCKIPFSSQDEKGVTQNGRLVTANPIVTDKEKPVNIEAEPPFGESYIVVGAGEKALKLSWFKKGSSIGK,Yes,Yes,180,Icosahedral
FHV,Flock House virus,6ITB,MVNNNRPRRQRAQRVVVTTTQTAPVPQQNVPRNGRRRRNRTRRNRRRVRGMNMAALTRLSQPGLAFLKCAFAPPDFNTDPGKGIPDRFEGKVVSRKDVLNQSISFTAGQDTFILIAPTPGVAYWSASVPAGTFPTSATTFNPVNYPGFTSMFGTTSTSRSDQVSSFRYASMNVGIYPTSNLMQFAGSITVWKCPVKLSTVQFPVATDPATSSLVHTLVGLDGVLAVGPDNFSESFIKGVFSQSACNEPDFEFNDILEGIQTLPPANVSLGSTGQPFTMDSGAEATSGVVGWGNMDTIVIRVSAPEGAVNSAILKAWSCIEYRPNPNAMLYQFGHDSPPLDEVALQEYRTVARSLPVAVIAAQN,Yes,Yes,180,Icosahedral
,West Nile virus,2OF6,FNCLGMSNRDFLEGVSGATWVDLVLEGDSCVTIMSKDKPTIDVKMMNMEAANLAEVRSYCYLATVSDLSTKAACPTMGEAHNDKRADPAFVCRQGVVDRGWGNGCGLFGKGSIDTCAKFACSTKAIGRTILKENIKYEVAIFVHGPTTVESHGNYSTQVGATQAGRFSITPAAPSYTLKLGEYGEVTVDCEPRSGIDTNAYYVMTVGTKTFLVHREWFMDLNLPWSSAGSTVWRNRETLMEFEEPHATKQSVIALGSQEGALHQALAGAIPVEFSSNTVKLTSGHLKCRVKMEKLQLKGTTYGVCSKAFKFLGTPADTGHGTVVLELQYTGTDGPCKVPISSVASLNDLTPVGRLVTVNPFVSVATANAKVLIELEPPFGDSYIVVGRGEQQINHHWHKS,Yes,Yes,180,Icosahedral
,Myxococcus xanthus,7S20,MPLEPHFMPDFLGHAENPLREEEWARLNETVIQVARRSLVGRRILDIYGPLGAGVQTVPYDEFQGVSPGAVDIVGEQETAMVFTDARKFKTIPIIYKDFLLHWRDIEAARTHNMPLDVSAAAGAAALCAQQEDELIFYGDARLGYEGLMTANGRLTVPLGDWTSPGGGFQAIVEATRKLNEQGHFGPYAVVLSPRLYSQLHRIYEKTGVLEIETIRQLASDGVYQSNRLRGESGVVVSTGRENMDLAVSMDMVAAYLGASRMNHPFRVLEALLLRIKHPDAICTLEGAGATERR,Yes,Yes,180,Icosahedral
,Rhodobacter capsulatus DE442,6TSW,MPEGADPVAEVKTALAGFLKEVKGFQDDVKTRLQQQEERVTMLQTKTYAGRHALAAAATEEAPHQKAFAAYLRTGDDDGLRGLSLEGKALNSAVAAEGGYLVDPQTSETIRGVLRSTASLRQIASVVNVEATSFDVLVDKTDMGSGWASETAALSETATPQIDRITIPLHELAAMPKASQRLLDDSAFDIETWLANRIADKFARAEAAAFISGDGVDKPTGFLTKTKVANGAWAWGSLGYVATGAAGDFAAVNASDAVVDLVYALGAEYRANASFVMNSKTAGAVRKMKDADGRFLWADSLAAGEPARLMGYPVLIAEDMPDIAANAYAIAFGDFGNGYTIAERPDLRVLRDPFSAKPHVLFYASKRVGGDVSDFAAIKLLKFAAS,Yes,Yes,180,Icosahedral
MrNV,Macrobrachium rosenbergii nodavirus,6JJC,MARGKQNSNQIQNNSNANGKRRKRNRRNRNPQTVPNFNPIVAKPTVAPLQTNIRSARSDVNAITVLNGSDFLTTVKVRGSNNLIDSKSRILVKQPISASSFLGTRISGLSQFWERYRWHKAAVRYVPAVPNTLACQLIGYIDTDPLDDPNVILDVDQLLRQATSQVGARQWNFSDTTTIPLIVRRDDQLYYTGQDKENVRFSQQGVFYLLQVTTLLNISGEAITNDLISGSLYLDWVCGFSMPQINPSPVEVSQLTYNADTIGNWVPPTELKQTYTQDITGLKPNSKFIIIPYMDRVSSEVLQKCTITCNEVDAVGSISYSDTSAIKCDGYILFQANSIGEATFTLVTDYQGAVDPKPYQYRIIRAIVGNN,Yes,Yes,180,Icosahedral
CNV,Cucumber necrosis virus,4LLF,MALVSRNNNMRTLAKLAAPLATAGTRTIVDNKEAIWNGVKWIWGKLPKGKKGKNGNGALIAHPQAFPGAIAAPISYAYAVKGRKPRFQTAKGSVRITHREYVSVLSGTNGEFLRNNGTGPNNDFSINPLNPFLFPWLVNIAANFDQYKFNSLRFEYVPLVNTTTNGRVALYFDKDSEDPGPDDRAALANYAHLSEISPWAITKLTVPTDNVKRFISDTSSGDPKLINLGQFGWVAYSGPTAELGDIFVEYTVDLFEAQPTSPLLESLFRESASSVQTRMGLPYFSLEVASATDLVWQARVPGTYVVTIIFNSTVGGLTPSISGGGTINSSFSVSTAGSSAYVANITIRVNANLSLSGLTGATNAQLFAVRAITENAVQVV,Yes,Yes,180,Icosahedral
,Rous sarcoma virus - Prague C,7NO1,PVVIKTEGPAWTPLEPKLITRLADTVRTKGLRSPITMAEVEALMSSPLLPHDVTNLMRVILGPAPYALWMDAWGVQLQTVIAAATRDPRHPANGQGRGERTNLNRLKGLADGMVGNPQGQAALLRPGELVAITASALQAFREVARLAEPAGPWADIMQGPSESFVDFANRLIKAVEGSDLPPSARAPVIIDCFRQKSQPDIQQLIRTAPSTLTTPGEIIKYVLDRQKTA,Yes,Yes,180,Icosahedral
,Cocksfoot mottle virus,1NG0,MVRKGAAAKAPQQPKPKAQQQPGGRRRRRGRSMEPVSRPLNPPAAVGSTLKAGRGRTAGVSDWFDTGMITSYLGGFQRTAGTTDSQVFIVSPAALDRVGTIAKAYALWRPKHWEIVYLPRCSTQTDGSIEMGFLLDYADSVPTNTRTMASSTSFTTSNVWGGGDGSSLLHTSMKSMGNAVTSALPCDEFSNKWFKLSWSTPEESENAHLTDTYVPARFVVRSDFPVVTADQPGHLWLRSRILLKGSVSPSTNL,Yes,Yes,180,Icosahedral
,Orsay virus,4NWW,GTTSSNSILLKGCDRIVTVVDASTYDAGSAIVSIPITPDIAYRLGSTARTFQRIKYRSLKFRVNAQCATTTAGGYVAGFVKDAADVLPTGTASIPYLMSNTGSFTQPWWKSTVHNVKIPQKLFYTEAPTRGADAVREYCPGQFHVLVDSKPSQICPVTVDLEWVVELHDATFRKESDQTAISAIVADHTLNVYGLPATSNRVGHILISPIGQTPKDLTPTRFATFFGFLPDDKFCVRIPTPVDVVLTGDNVYQSVEATHIRAYLVNGGLGIDFHLAAYNDTTHTIQPIIPTLWNVYDVTGAVTAPFTSAIYDNHVWTHKDKFVPVSFQDEPIPGTVFDYLYPRSYSLPSSNG,Yes,Yes,180,Icosahedral
,Emesvirus zinderi,2WBH,ASNFTQFVLVDNGGTGDVTVAPSNFANGVAEWISSNSRSQAYKVTCSVRQSSAQNRKYTIKVEVPKVATQTVGGVELPVAAWRSYLNMELTIPIFATNSDCELIVKAMQGLLKDGNPIPSAIAANSGIYANFTQFVLVDNGGTGDVTVAPSNFANGVAEWISSNSRSQAYKVTCSVRQSSAQNRKYTIKVEVPKVATQTVGGVELPVAAWRSYLNMELTIPIFATNSDCELIVKAMQGLLKDGNPIPSAIAANSGIY,Yes,Yes,180,Icosahedral
,Panicum mosaic virus strain Kansas 109S,4V99,MNRNGATPTRGRGKRAIPNPPRRRARGKSVERGSTPLQYVTTLGPSRPRMGQGQGWQKLSHEEIILQVNSSTAADTIQTIPIIPRLSVPAGDKPIYSGSAPHLRTIGSAFAIHRWRALSFEWIPSCPTTTPGNLVLRFYPNYSTETPKTLTDLMDSESLVLVPSLSGKTYRPKIETRGNPPELRNIDATAFSALSDEDKGDYSVGRLVVGSSKQAVVIQLGLLRMRYSAEMRGATSISGVSA,Yes,Yes,180,Icosahedral
,Cucumber mosaic virus (strain FNY),1F15,MDKSESTSAGRNRRRRPRRGSRSAPSSADANFRVLSQQLSRLNKTLAAGRPTINHPTFVGSERCRPGYTFTSITLKPPKIDRGSYYGKRLLLPDSVTEYDKKLVSRLQIRVNPLPKFDSTVWVTVRKVPASSDLSVAAISAMFADGASPVLVYQYAASGVQANNKLLYDLSAMRADIGDMRKYAVLVYSKDDALETDELVLHVDIEHQRIPTSGVLPV,Yes,Yes,180,Icosahedral
,Myxococcus xanthus DK 1622,4PT2,MPDFLGHAENPLREEEWARLNETVIQVARRSLVGRRILDIYGPLGAGVQTVPYDEFQGVSPGAVDIVGEQETAMVFTDARKFKTIPIIYKDFLLHWRDIEAARTHNMPLDVSAAAGAAALCAQQEDELIFYGDARLGYEGLMTANGRLTVPLGDWTSPGGGFQAIVEATRKLNEQGHFGPYAVVLSPRLYSQLHRIYEKTGVLEIETIRQLASDGVYQSNRLRGESGVVVSTGRENMDLAVSMDMVAAYLGASRMNHPFRVLEALLLRIKHPDAICTLEGAGATERR,Yes,Yes,180,Icosahedral
,"Hepatitis B virus adr4, Staphylococcus aureus",7EOY,MASSLRQILDSQKMEWRSNAGGSGGGSGGGTGGGGGGYYYYYYDIDPYKEFGASVELLSFLPSDFFPSIRDLLDTASALYREALESPEHCSPHHTALRQAILCWGELMNLATWVGSNLEDGGGGSGGGGTLEVDNKFNKEMWAAWEEIRNLPNLNGWQMTAFIASLVDDPSQSANLLAEAKKLNDAQAPKEFVDNKFNKEMWAAWEEIRNLPNLNGWQMTAFIASLVDDPSQSANLLAEAKKLNDAQAPKGSGGGGSGGGGSRELVVSYVNVNMGLKIRQLLWFHISCLTFGRETVLEYLVSFGVWIRTPPAYRPPNAPILSTLPETTVV,Yes,Yes,180,Icosahedral
,Homo sapiens,6SSM,PVTLEPMPPGEGAQEGEPPTVEARYKSFSIKMLKDMKEGVKQYGPNSPYMRTLLDSIAHGHRLIPYDWEILAKSSLSPSQFLQFKTWWIDGVQEQVRRNRAANPPVNIDADQLLGIGQNWSTISQQALMQNEAIEQVRAICLRAWEKIQDPGSACPSFNTVRQGSKEPYPDFVARLQDVAQKSIADEKARKVIVELMAYENANPECQSAIKPLKGKVPAGSDVISEYVKACDGIGGAMHKAMLMAQLE,Yes,Yes,180,Icosahedral
,Turnip crinkle virus,3ZX8,MENDPRVRKFASDGAQWAIKWQKKGWSTLTSRQKQTARAAMGIKLSPVAQPVQKVTRLSAPVALAYREVSTQPRVSTARDGITRSGSELITTLKKNTDTEPKYTTAVLNPSEPGTFNQLIKEAAQYEKYRFTSLRFRYSPMSPSTTGGKVALAFDRDAAKPPPNDLASLYNIEGCVSSVPWTGFILTVPTDSTDRFVADGISDPKLVDFGKLIMATYGQGAAQLGEVRVEYTVQLKNRTGSTSAQIGDFAGVKDGPRLVSWSKTKGTAGWEHDCHFLGTGNFSLTLFYEKAPVSGLENADASDFSVLGEAAAGSVQWAGVKVAERGQGVKMVTTEEQPKGKWQALRI,Yes,Yes,180,Icosahedral
,Beihai levi-like virus 14,6YFD,TKRNRNNQARGQLYMGQQGPVQSSRTTFGVNPDRQANARPVYLAPAAPMENTYTYLGSIQFAAGRHIFGEPASNVLPPQNIVPGVPTKHGEYVTTNTGDRLMASSTTVTRDVSNGRTKVSIDIPYYDRNAVETLKASAIPGAVAPVGSFKVNVEVLGGGVLTGTDANAQFALDELLSNMLMDAARIAQDGPKNTARLVAASHGVMPQA,Yes,Yes,180,Icosahedral
,Cucumber leaf spot virus,6MRL,MEIARTNKNSVVKYVPAAVGAAYQMGKSIVPYAPTIVDALGNVVSRATGRKKKSKGKEVQNQIVGGIGAIAAPVSITKRVRGMRPSFRQTKGKVHIVHRELVTSVINLVGNFRVNNNVSAQIGQFRINPSNSSLFTWLPTIASNFDSYRFTSIRFVYVPLCATTETGRVSLFWDKDSQDPLPVDRAALSSYGHSNEGPPWAETTLNVPTDGKQRFVTDSNTTDRKLVDLGQFAFATYAGGSNNQIGDIYVEYGVEFSEAQPAGGLTQYITKSVGATASTTGPSYVVDANINVNATTANVEFFSPGTFLITAVVYGSTIASPSMAGGNGTLIGDLPVVGGSNASIWTCVFSTTGVSTSVPTFTQAGTGLTRVQYTITRVNSQTAYQV,Yes,Yes,180,Icosahedral
,Penaeus vannamei nodavirus,6AB6,MKRKPNSNQNNNNNRGNGNGLRRVRGGRVSRRRVVINQSNQSMPVTSNGAPLQALTSYSRPNVNKISRLGPDSDFLTSVVAKASTSIVTPADRILVKQPLSASSFPGTRITGLSSYWERYKWLSAVARYVPAVPNTVACQFVMYIDTDPLDDPSNISDDNQIVRQAVSQAGSNQFNFNTSKTVPLIVRADNQYYYTGVDKQNLRFSLQGILYIIQVTDLINFNGELITQDLTCGSLFLDWLVNFSIPQINPTSLTDVRVDKAVNFIKPEVSGVAEIQTVTGLSPSTSYLLTPAFLEQNFQSEAGIYILSATPVEGEGTISINMDPTVTTVSGFIKVKTDTFGTFDLSVVLTTASKKQTTGFNIIAATS,Yes,Yes,180,Icosahedral
,Beet western yellows virus-FL1,6RTK,MNTVVGRRIINGRRRPRRQTRRAQRPQPVVVVQTSRATQRRPRRRRRGNNRTGRTVPTRGAGSSETFVFSKDNLAGSSSGAITFGPSLSDCPAFSNGMLKAYHEYKISMVILEFVSEASSQNSGSIAYELDPHCKLNSLSSTINKFGITKPGKRAFTASYINGTEWHDVAEDQFRILYKGNGSSSIAGSFRITIKCQFHNPK,Yes,Yes,180,Icosahedral
LSV2,Lake Sinai virus 2,7XPA,MNPPTTTTTTTRTIRAPKVQLTPNSATRRRRNRRRRRPAAAIAGPLSIQPSSINRRMVSRVTRRSAVVTAAGLAWLRQYLNPMGPDTTSVTGYPDGSAVTTCIADYSNTFNVSFPPREALYCTGSSSSEKPTLVDADNYAKIDKWSNYDITLCVLALPMLRNVVMLRLYPHTPTAFALTEQTPNFPQRFPNWSVYSADGTRFNNGDEPGYLQSYVYLPNVDKHLSAARGYRLLSRGITGIFSAPALETQGFVTACQYLAEGSIQSQSIKSDAVRSVTVNSDGTVKNVESSSQTVSSMPRYVFPLDGDNCAPSSLTETYHQAYQSKATDGFYMPVLSSSRDNPFHPPQPRAIAVYGSFLARGCLDPVSEAHEADGPTHDIYRLNVADDVAPLFNTGVVWFEGISPKFSLKLKTRTVLQYIPTSGSVLANFTRHEPTYDQIALDAADRLRNLMPHAYPAAYNDWGWLGDLLDSAISMLPGVGTVYNIAKPLIKPAWNWLGNKVSDFFGNPVARDGDIFFDAK,Yes,Yes,180,Icosahedral
,Norovirus Hu/1968/US,7KJP,MMMASKDATSSVDGASGAGQLVPEVNASDPLAMDPVAGSSTAVATAGQVNPIDPWIINNFVQAPQGEFTISPNNTPGDVLFDLSLGPHLNPFLLHLSQMYNGWVGNMRVRIMLAGCAFTAGKIIVSCIPPGFGSHNLTIAQATLFPHVIADVRTLDPIEVPLEDVRNVLFHNNDRNQQTMRLVCMLYTPLRTCGGTGDSFVVAGRVMTCPSPDFNFLFLVPPTVEQKTRPFTLPNLPLSSLSNSRAPLPISSMGISPDNVQSVQFQNGRCTLDGRLVGTTPVSLSHVAKIRGTSNGTVINLTELDGTPFHPFEGPAPIGFPDLGGCDWHINMTQFGHSSQTQYDVDTTPDTFVPHLGSIQANGIGSGNYVGVLSWISPPSHPSGSQVDLWKIPNYGSSITEATHLAPSVYPPGFGEVLVFFMSKMPGPGAYNLPCLLPQEYISHLASEQAPTVGEAALLHYVDPDTGRNLGEFKAYPDGFLTCVPNGASSGPQQLPINGVFVFVSWVSRFYQLKPVGTASSARGRLGLRR,Yes,Yes,180,Icosahedral
,Murine norovirus 1,6P4L,MRMSDGAAPKANGSEASGQDLVPAAVEQAVPIQPVAGAALAAPAAGQINQIDPWIFQNFVQCPLGEFSISPRNTPGEILFDLALGPGLNPYLAHLSAMYTGWVGNMEVQLVLAGNAFTAGKVVVALVPPYFPKGSLTTAQITCFPHVMCDVRTLEPIQLPLLDVRRVLWHATQDQEESMRLVCMLYTPLRTNSPGDESFVVSGRLLSKPAADFNFVYLTPPIERTIYRMVDLPVIQPRLCTHARWPAPVYGLLVDPSLPSNPQWQNGRVHVDGTLLGTTPISGSWVSCFAAEAAYEFQSGTGEVATFTLIEQDGSAYVPGDRAAPLGYPDFSGQLEIEVQTETTKTGDKLKVTTFEMILGPTTNADQAPYQGRVFASVTAAASLDLVDGRVRAVPRSIYGFQDTIPEYNDGLLVPLAPPIGPFLPGEVLLRFRTYMRQIDTADAAAEAIDCALPQEFVSWFASNAFTVQSEALLLRYRNTLTGQLLFECKLYNEGYIALSYSGSGPLTFPTDGIFEVVSWVPRLYQLASVGSLATGRMLKQ,Yes,Yes,180,Icosahedral
,San Miguel sea lion virus 4,2GH8,SDGPGSAEIVTEEQGTVVQQQPAPAPTALATLATASTGKSVEQEWMTFFSYHTSINWSTVESQGKILYSQALNPSINPYLDHIAKLYSTWSGGIDVRFTVSGSGVFGGKLAALLVPPGVEPIESVSMLQYPHVLFDARQTEPVIFTIPDIRKTLFHSMDETDTTKLVIMVYNELINPYENGVENKTTCSITVETRPSADFTFALLKPPGSLIKHGSIPSDLIPRNSAHWMGNRWWSTISGFSVQPRVFQSNRHFDFDSTTTGWSTPYYVPIEIKIQGKVGSNNKWFHVIDTDKALVPGIPDGWPDTTIPDETKATNGNFSYGESYRAGSTTIKPNENSTHFKGTYICGTLSTVEIPENDEQQIKTEAEKKSQTMYVVTADFKDTIVKPQHKISPQKLVVYFDGPEKDLTMSATLSPLGYTLVDEQPVGSVSSRVVRIATLPEAFTQGGNYPIFYVNKIKVGYFDRATTNCYNSQILMTSQRLAEGNYNLPPDSLAVYRITDSSSQWFDIGINHDGFSYVGLSDLPNDLSFPLTSTFMGVQLARVKLASKVKAHTITAK,Yes,Yes,180,Icosahedral
,Snow Mountain virus,6OTF,MKMASNDAAPSTDGAAGLVPESNNEVMALEPVAGAALAAPVTGQTNIIDPWIRANFVQAPNGEFTVSPRNAPGEVLLNLELGPELNPYLAHLARMYNGYAGGMEVQVMLAGNAFTAGKLVFAAVPPHFPVENLSPQQITMFPHVIIDVRTLEPVLLPLPDVRNNFFHYNQKDDPKMRIVAMLYTPLRSNGSGDDVFTVSCRVLTRPSPDFDFTYLVPPTVESKTKPFTLPILTLGELSNSRFPVSIDQMYTSPNEVISVQCQNGRCTLDGELQGTTQLQVSGICAFKGEVTAHLQDNDHLYNITITNLNGSPFDPSEDIPAPLGVPDFQGRVFGVITQRDKQNAAGQSQPANRGHDAVVPTYTAQYTPKLGQVQIGTWQTDDLKVNQPVKFTPVGLNDTEHFNQWVVPRYAGALNLNTNLAPSVAPVFPGERLLFFRSYLPLKGGYGNPAIDCLLPQEWVQHFYQEAAPSMSEVALVRYINPDTGRALFEAKLHRAGFMTVSSNTSAPVVVPANGYFRFDSWVNQFYSLAPMGTGNGRRRIQ,Yes,Yes,180,Icosahedral
RHDV,Rabbit hemorrhagic disease virus,3J1P,MEGKARTAPQGEAAGTATTASVPGTTTDGMDPGVVAATSVVTAENSSASVATAGIGGPPQQVDQQETWRTNFYYNDVFTWSVADAPGSILYTVQHSPQNNPFTAVLSQMYAGWAGGMQFRFIVAGSGVFGGRLVAAVIPPGIEIGPGLEVRQFPHVVIDARSLEPVTITMPDLRPNMYHPTGDPGLVPTLVLSVYNNLINPFGGSTNAIQVTVETRPSDDFEFVMIRAPSSKTVDSISPAGLITTPVLTGVGNDNRWDGQIVGLQPVPGGFSTCNRHWNLNGSTYGWSSPRFADIDHRRGSASYSGNNSANALQFWYANAGSAIDNPISQVAPDGFPDMSFVPFNSPNIPTAGWVGFGGIWNSNNGAPAATTVQAYELGFATGAPNNLQPTTNTSGAQTVAKSIYAVVTGTNQNPTGLFVMASGVISTPNASAVTYTPQPDRIVTTPGTPAAAPVGKNTPIMFASVVRRTGDVNAAAGSTNGTQYGTGSQPLPVTIGLSLNNYSSALMPGQFFVWQLTFASGFMEIGLSVDGYFYAGTGASTTLIDLTELIDVRPVGPRPSKSTLVFNLGGTTNGFSYV,Yes,Yes,180,Icosahedral
,Calicivirus isolate 2117,7BJP,MSGDASSGSPDITGEEQGVAVATGTQPSAPAMATLATAATGTMPEEWKTFFSYYTTVNWSTTDETGKVLFVQGLSPRMNPFLDHLAKMYTGWSGSMEIRFTISGSGVFGGKLAAVMVPPGIGTEGGTSLLQFPHVLVDARQTEPVIFNIPDIRTVLWHDMHDTLTAHLVILVYNDLLNPYQNTTTGTSCTVTVETRGGTDFEFHLLKPPSRKMIFGADPSRLIPKKSMFWEGNRLPGEFKGFSIKPLVFQANRHFDCKRQTFGWSTPEHAGVKLNIQRQNLDTEDKTDIGVHLVTGLKTIKSQVPDGWPDYYGRNIILANTTASFGEVSEAMLGTVVPYRVSGKLEWRHLPEIAFANGTAKNSTIVCGKYLTGNFYVGGNFTQQGNVVVYPAFWTSKHGDTKCIGEDEDMVKRIDVLPQAQTTGGNYPIYYVTEFPAAYLPAPRVYNSQLLWTSRLLAQDVYDIGPEALAVFKIKDSAGNWFDIGISCEGFSFVGAPTLPFSSLQFPLEASYVGMASAYNKLQHNIAGTSVTL,Yes,Yes,180,Icosahedral
TV,Tulane virus,8VJS,MESSKTEQVTGATGITQSTVTAPLPEAVSSLSLAPTVNALDPWVYLNQTEVPGGTFTVSSATQPGSVLLELEISPELNLYTSHLFRMYAGWSGGFSLKLLVAGNAFSAGKLIAAIIPPNIEVPNSAYLLTGFPHEILDFRTADSMEIIAPDIKNIDYHFRGDKLGKLVVMVYSPLRSTSADFEIEIKLTSAPLPDFKFTMLVPPIQNNALPIWSIPQAPPYSMVNPRSPLTPVVELYINSSYATCNHQLGRYTIYQGAIGNSTFNPSGAWTATCTAEAGSVTGHPNWRYALLDLPDNPTFDPTLPPVPRGFCDWGSGVKSGNKQHLVCFTGKKVEGGFQDVDTHMWDYGDNETVGLDNTYQRTIYIKDPSLEKDAQYLVIPMGVSGAANDDTVQVAPNCYGSWDYAPTVAPPLGEQFVWFRSQLPASKTTTTSGVNSVPVNVNALMSPDLMCSAYASGFPLGKVALLDYVLFGGSVVRQFKLYPEGYMTANTTGSNTGFIIPADGYFRFNSWVSPSFMISSVVDLNLQTAVVFR,Yes,Yes,180,Icosahedral
HuNoV,Norovirus GII.4,7MRY,MKMASSDASPSDGSTANLVPEVNNEVMALEPVVGAAIAAPVAGQQNVIDPWIRNNFVQAPGGEFTVSPRNAPGEILWSAPLGPDLNPYLSHLARMYNGYAGGFEVQVILAGNAFTAGKIIFAAVPPNFPTEGLSPSQVTMFPHIIVDVRQLEPVLIPLPDVRNNFYHYNQSNDPTIKLIAMLYTPLRANNAGDDVFTVSCRVLTRPSPDFDFIFLVPPTVESRTKPFTVPILTVEEMTNSRFPIPLEKLFTGPSGAFVVQPQNGRCTTDGVLLGTTQLSPVNICTFRGDVTHIAGTHDYTMNLASQNWNNYDPTEEIPAPLGTPDFVGKIQGVLTQTTRGDGSTRGHKATVSTGSVHFTPKLGSVQFTTDTNNDLETGQNTKFTPVGVVQDGNSAHQNEPQQWVLPNYSGRTGHNVHLAPAVAPTFPGEQLLFFRSTMPGCSGYPNMNLDCLLPQEWVLHFYQEAAPAQSDVALLRFVNPDTGRVLFECKLHKSGYVTVAHTGPHDLVIPPNGYFRFDSWVNQFYTLAPMGNGAGRRRAL,Yes,Yes,180,Icosahedral
,Feline calicivirus,3M8L,SITTPEQGTTVGGVIAEPSVQMSAAADMATGKSVDSEWEAFFSFHTSVNWSTSETQGKILFKQSLGPLLNPYLTHLAKLYVAWSGSIEVRFSISGSGVFGGKLAAIVVPPGIEPIQSTSMLQYPHVLFDARQVEPVIFTIPDLRSTLYHLMSDTDTTSLVIMIYNDLINPYANDSNSSGCIVTVETKPGPDFKFHLLKPPGSMLTHGSVPCDLIPKSSSLWIGNRFWSDITDFVIRPFVFQANRHFDFNQETAGWSTPRFRPITVTISQKEGEMLGIGVATDYIVPGIPDGWPDTTIPNELIPAGDYAITNQSGNDIQTKEEYESAMIISNNTNFKSMYICGSLQRAWGNKKVSNTAFITTATVKENKLIPSNTIDQTKIAIFQDNHVNRDVQTSDDTLALLGYTGIGEEAIGADREKVVRIGVLPEAGARGGNHPIFYRNSMKLGYVIKSIDVFNSQILHTSRQLSLNNYLLSPDSFAVYRIIDSNGSWFDIGIDSDGFSFVGVSSIGKLEFPLTASYMGNQLAKIRLASNIR,Yes,Yes,180,Icosahedral
,"Citrus sudden death-associated virus, Aequorea victoria",7SQY,MQSDTLLPLTGGVSKGEELFTGVVPILVELDGDVNGHKFSVSGEGEGDATYGKLTLKFICTTGKLPVPWPTLVTTLTYGVQCFSRYPDHMKQHDFFKSAMPEGYVQERTIFFKDDGNYKTRAEVKFEGDTLVNRIELKGIDFKEDGNILGHKLEYNYNSHNVYIMADKQKNGIKVNFKIRHNIEDGSVQLADHYQQNTPIGDGPVLLPDNHYLSTQSALSKDPNEKRDHMVLLEFVTAAGITLGMDELYKLTGGFSMASDAQAGPAPSRDDRVDRQPRLPAAPRVAEVGLNAPSVDYPFQWVVASYDGSEAKNLSDDLSGSATLTKVMANYRHAELTSVELEVCPLAAAFSKPISVSAVWTIASISPASASETSYYGGRLFTVGGPVLMSSTTHLPADLTRLNPVLKGPVKYTDCPRFSYSVYSNGGTKGTNLCTIILRGVVRLSGPSGNLLA,Yes,Yes,180,Icosahedral
,Murine norovirus 1,6P4J,SGQDLVPAAVEQAVPIQPVAGAALAAPAAGQINQIDPWIFQNFVQCPLGEFSISPRNTPGEILFDLALGPGLNPYLAHLSAMYTGWVGNMEVQLVLAGNAFTAGKVVVALVPPYFPKGSLTTAQITCFPHVMCDVRTLEPIQLPLLDVRRVLWHATQDQEESMRLVCMLYTPLRTNSPGDESFVVSGRLLSKPAADFNFVYLTPPIERTIYRMVDLPVIQPRLCTHARWPAPVYGLLVDPSLPSNPQWQNGRVHVDGTLLGTTPISGSWVSCFAAEAAYEFQSGTGEVATFTLIEQDGSAYVPGDRAAPLGYPDFSGQLEIEVQTETTKTGDKLKVTTFEMILGPTTNADQAPYQGRVFASVTAAASLDLVDGRVRAVPRSIYGFQDTIPEYNDGLLVPLAPPIGPFLPGEVLLRFRTYMRQIDTADAAAEAIDCALPQEFVSWFASNAFTVQSEALLLRYRNTLTGQLLFECKLYNEGYIALSYSGSGPLTFPTDGIFEVVSWVPRLYQLASVGS,Yes,Yes,180,Icosahedral
,"Lake Sinai virus 1, Escherichia coli",7XPG,MNSICSLYCLFRRVMPYSSEILSSTVYRPPFLATSGLFFTRDHYKFIIMNQQQINPAQRSLRPRAQSAPSRSARRRRNRRRRNPSTPAGTVALQPSRITRRVVSNLARRPLTITTAGLAWLRQYLNPMGPSTSSVSGFPDGSAVTTCIADYTNTFNISFPPREAIYCTGSNSDEKPVMLDAATYAKIDAWTKSDITLCILALPMLRNVVMIRLYASTPTAFTLSEGVPNFVQRFPNWSAFTTEGKVLNNGDSPGYIQSFVYLPNVDKHLSAARGFRLLSRGLTGIYTAPSLETQGFVTACQYLAEGALQTQTVGNDFVQSVEVNADKTVKNVNGKRLHYSGPPKFVFPLEGDNCAPSSLVETYHQAYQARAVDGFYMPILSSSRDNPFISPKPQPIAVFNRWYYRGCLDPVPASKVADGPSQYYYDLNVADDVAPLYNTGVVWMEGISSKFSLKLKTRTVIQYIPTSGSVLANFTRHEPTYDQVALDAADRIRNMMPHAYPAAYNDWGWLGDLLDSTLSMLPGIGTAYRFAKPLIKPAWNWLGGKVSDFFGNPVSRDGDIYFDAK,Yes,Yes,180,Icosahedral
,Sapovirus Hu/GI.6/Nichinan/FP05284/2005/JPN,7DOD,MEGNGSQLGSRQHQESQAAVDPPGATGPTTSHVVVSNPEQPNGPAQRLEMAVATGAIQSNVPEAIRNCFAVYRTFAWNDRMPAGTFLGSVSLHPNINPYTSHLSGMWAGWGGSFESRVSISGSGVFAGRVVASVIPPGVDPSSIRDPGVLPHAFVDARITEPVSFMIPDVRNTDYHRMDGNEPTCSLGLWVYQPLINPFSTSAVSTCWVSIETKPGGDFDFCLLKPPGQRMENGVSPEGLLPRRLGYARGNRVGGLVVGLVLVADHHQVNRHFNANSITYGWSTAPVNPMAAEIVVKHDYTNNRNAWLSIGAKNKGPLFPGLPNHFPDSCASTLVGAMDTGRHMPATGVCGPAIGFQDNGDVFENETPAVMFATFNPLTGGDNTNPIALYDSINPASLAVMCTKSNSNFDSSGFANDKNVVVQMSWEMYTNSQQIQGRVTPMQGTNFVFTSSGANTLALWEERLLSYDGHQAILYSSQMERTSEYFQNDNVNIPPGSMAVFNVETNSASFQIGIREDGYMVTGGTIGTHVVLDPETRFQYVGLLPLTAALAGPNGNSGRARRVFQ,Yes,Yes,180,Icosahedral
,"Norwalk virus, Murine norovirus 1",6CRJ,SSVDGASGAGQLVPEVNASDPLAMDPVAGSSTAVATAGQVNPIDPWIINNFVQAPQGEFTISPNNTPGDVLFDLSLGPHLNPFLLHLSQMYNGWVGNMRVRIMLAGNAFTAGKIIVSCIPPGFGSHNLTIAQATLFPHVIADVRTLDPIEVPLEDVRNVLFHNNDRNQQTMRLVCMLYTPLRTGGGTGDSFVVAGRVMTCPSPDFNFLFLVPAAAAAARMVDLPVIQPRLCTHARWPAPVYGLLVDPSLPSNPQWQNGRVHVDGTLLGTTPISGSWVSCFAAEAAYEFQSGTGEVATFTLIEQDGSAYVPGDRAAPLGYPDFSGQLEIEVQTETTKTGDKLKVTTFEMILGPTTNADQAPYQGRVFASVTAAASLDLVDGRVRAVPRSIYGFQDTIPEYNDGLLVPLAPPIGPFLPGEVLLRFRTYMRQIDTADAAAEAIDCALPQEFVSWFASNAFTVQSEALLLRYRNTLTGQLLFECKLYNEGYIALSYSGSGPLTFPTDGIFEVVSWVPRLYQLASVGSLATGRMLK,Yes,Yes,180,Icosahedral
,Tulane virus,8VG6,MENSKTEQVTGATGITQSTVTAPLPEAVSSLSLAPTVNALDPWVYLNQTEVPGGTFTVSSATQPGSVLLELEISPELNLYTSHLFRMYAGWSGGFSLKLLVAGNAFSAGKLIAAIIPPNIEVPNSAYLLTGFPHEILDFRTADSMEIIAPDIKNIDYHFRGDKLGKLVVMVYSPLRSTSADFEIEIKLTSAPLPDFKFTMLVPPIQNNALPIWSIPQAPPYSMVNPRSPLTPVVELYINSSYATCNHQLGRYTIYQGAIGNSTFNPSGAWTATCTAEAGSVTGNPNWRYALLDLPDNPTFDPTLPPVPRGFCDWGSGVKSGNKQHLVCFTGKKFAGGFQDVDAHMWDYGDNETVGLDNTYQRTIYISDPSLEKDAQYLVIPMGVSGAANDDTVQVAPNCYGSWDYAPTVAPPLGEQFVWFRSQLPASKTTTTSGVNSVPVNVNALMSPDLIRSAYASGFPLGKVALLDYVLFGGSVVRQFKLYPEGYMTANTTGSNTGFIIPADGYFRFNSWVSPSFMISSVVDLNLQTAVVFR,Yes,Yes,180,Icosahedral
,Escherichia phage alpha3,1M06,MSNVQTSAEREIVDLSHLAFDCGMLGRLKTVSWTPVIAGDSFELDAVGALRLSPLRRGLAIDSKVDFFTFYIPHRHVYGDQWIQFMRDGVNAQPLPSVTCNRYPDHAGYVGTIVPANNRIPKFLHQSYLNIYNNYFRAPWMPERTEANPSNLNEDDARYGFRCCHLKNIWSAPLPPETKLAEEMGIESNSIDIMGLQAAYAQLHTEQERTYFMQRYRDVISSFGGSTSYDADNRPLLVMHTDFWASGYDVDGTDQSSLGQFSGRVQQTFKHSVPRFFVPEHGVMMTLALIRFPPISPLEHHYLAGKSQLTYTDLAGDPALIGNLPPREISYRDLFRDGRSGIKIKVAESIWYRTHPDYVNFKYHDLHGFPFLDDAPGTSTGDNLQEAILVRHQDYDACFQSQQLLQWNKQARYNVSVYRHMPTVRDSIMTS,Yes,Yes,180,Icosahedral
,Bombyx mori cypovirus 1,3CNF,MHSTNNNSNKRNNEEKHKQPEIDSSANNGEGTSGTRAQTVGDTATEAGVRNETEAGASTRRQTDGTGLSGTNAKIATASSARQADVEKPADVTFTIENVDDVGIMQQKKPPTVVQSRTDVFNEQFANEALHPTTKVIFNGLDVNTEVQPLSDDFKQISDPKGYLTYSVKYEDQFTKKDKLRASEADDRIVGPTVNLFKYGAAVVNIDLNRDFFDTATGIDLTKGIPLVQDLLVPIGVTAGAEQSAEYVSGLLMVLFKVMTDNRLVIVGETTTPMSNTLSTVVNNVLRTTYHNNVGVNPALLRDFTQVNWLNRDITNMLQQAGTKYGLGLTETRLDYVRLVKTIVGHALNIDHFAASVLNINLRALMEANVTADDRIKALQAHSMISTQFHGPNQGALRPELAFDHDHIIRCLMLAAANYPRLEGIIVQINTGYVASANVIRPVSEKRYFPENLEQNQSAARLVSAVKARASEADISSIHLAIAREVSPMFNVHELKKIAESFEDPSSIVVVLEFILFALFFPTEFNRIKGDIQNVLLLFFSRWYPVEYGIFVQRGATYTINAAGEFEFSGRNEKWDQALYLSEHFPALFSDVPLAGANTIIAIMRLFTPQGFLRTDDLAIAANFPRASRNPQTYIPYTNQRGTVTNEFASRFRTIVATLANVVNERAVQDDMQKATRSCTKQWLRHLETQFDNIAVAHTDHLSVVYATMSNFMLNFTNNFSGNHATFKPDQYVITSPEGSYKPIIERQGETVDGLTIIDTSIVWPILCQCTYPLVRQSGKGVDAVSIMEEIVYPDPSTTLSQSLSVAQVLSKLTLPDAFINMILSGGDSVVMRTYQTEADDDLDEGIRMTTYDQYLSHIRERLHITNVPDPIYITGASTPDQIAASVQATHVAVVLYQSGVINGPASTYLRENEVLVVMPDYYDVVSRFANANLQMNNNRYHESVLEIADIFDQADFIQTSDAVRQLRALMPTLSTSQIRHAIERIAQITDVDSTDYGKLTLRFLGTLTRSLKMQNAQIRRIRPDGTVLRYDDQIDIEAFRWSRYFLDELQLRRLSVGLRLITNPRIARRFNGVRIMYLTDDDPDPDFVPDVPEGYVAVQYAHRLFSSSLANKRNRVTYTHPPTGMAYPSPTGRPHVHMTINERAGMSKLVADNIIASVIKSNWVVDILDIEYTAEVMTPSEGYTQHVDAESIMTAPKGKLFHLQFMDGLLRPEPSAFDPPASGEDMRLIYPLQPISVARSMRAIVNHNEVDRPRGAVAPSSYEMDTGTLSRNGDLLYSPVANGQVGIPKLEVDHISFSNVVSMMTANIRTGDDMAVERVNPDDVRAINIRNA,Yes,Yes,180,Icosahedral
,Paslahepevirus balayani,3IYO,MRPRPILLLLLMFLPMLPAPPPGQPSGRRRGRRSGGSGGGFWGDRVDSQPFAIPYIHPTNPFAPDVTAAAGAGPRVRQPARPLGSAWRDQAQRPAVASRRRPTTAGAAPLTAVAPAHDTPPVPDVDSRGAILRRQYNLSTSPLTSSVATGTNLVLYAAPLSPLLPLQDGTNTHIMATEASNYAQYRVARATIRYRPLVPNAVGGYAISISFWPQTTTTPTSVDMNSITSTDVRILVQPGIASELVIPSERLHYRNQGWRSVETSGVAEEEATSGLVMLCIHGSPVNSYTNTPYTGALGLLDFALELEFRNLTPGNTNTRVSRYSSTARHRLRRGADGTAELTTTAATRFMKDLYFTSTNGVGEIGRGIALTLFNLADTLLGGLPTELISSAGGQLFYSRPVVSANGEPTVKLYTSVENAQQDKGIAIPHDIDLGESRVVIQDYDNQHEQDRPTPSPAPSRPFSVLRANDVLWLSLTAAEYDQSTYGSSTGPVYVSDSVTLVNVATGAQAVARSLDWTKVTLDGRPLSTIQQYSKTFFVLPLRGKLSFWEAGTTKAGYPYNYNTTASDQLLVENAAGHRVAISTYTTSLGAGPVSISAVAVLAPHSALALLEDTLDYPARAHTFDDFCPECRPLGLQGCAFQSTVAELQRLKMKVGKTREL,Yes,Yes,180,Icosahedral
,Feline calicivirus,6GSH,MCSTCANVLKYYNWDPHFRLVIDPNKFLSVGFCDNPLMCCYPELLPEFGTVWDCDQSPLQIYLESILGDDEWASTYEAIDPAVPPMHWDAAGKIFQPHPGVLMHHLIGEVAKAWDPNLPMFRLEADGDGSITAPEQGTPVGGVIAEPSAQMSAAADMATGKSVDSEWEAFFSFHTSVNWSTSETQGKILFKQSLGPLLNPYLEHLAKLYVAWSGSIDVRFSISGSGVFGGKLAAIVVPPGVDPVQSTSMLQYPHVLFDARQVEPVIFSIPDLRSTLYHLMSDTDTTSLVIMVYNDLINPYANDSNSSGCIVTVETKPGADFKFHLLKPPGSMLTHGSVPSDLIPKSSSLWIGNRHWTDITDFVIRPFVFQANRHFDFNQETAGWSTPRYRPITITISEKNGAKLGIGVATDYIVPGIPDGWPDTTIPEKLTPAGDYAITNKSGNDITTAAGYDGADVIVNNTNFKGMYICGSLQRAWGDKKISNTAFITTATKVDNAIEPSNVIDMTKIAVYQDTHVGKEVQTSDDTLSLLGYTGIGEQAIGSDRDRVVRISVLPETGARGGNHPIFYKNSIKLGYVIRSIDVFNSQILHTSRQLSLNHYLLPPDSFAVYRIIDSNGSWFDIGIDSDGFSFVGVSSIGKLEFPLTASYMGIQLAKIRLASNIRSSMTKL,Yes,Yes,180,Icosahedral
